{"stats":{"minecraft:mined":{"minecraft:grass":2,"antlers:bloody_fox":1},"minecraft:used":{"minecraft:bread":2,"minecraft:diamond_helmet":1,"iceandfire:armor_sapphire_boots":1,"iceandfire:armor_copper_chestplate":1},"minecraft:custom":{"minecraft:time_since_rest":12652,"minecraft:open_chest":23,"minecraft:play_time":12652,"minecraft:sprint_one_cm":19422,"minecraft:damage_taken":9,"minecraft:walk_one_cm":27293,"minecraft:drop":7,"minecraft:jump":87,"minecraft:leave_game":3,"minecraft:time_since_death":12652,"minecraft:walk_on_water_one_cm":176,"minecraft:total_world_time":12652,"minecraft:climb_one_cm":812,"minecraft:fall_one_cm":2163,"minecraft:fly_one_cm":13665},"minecraft:picked_up":{"minecraft:rotten_flesh":6,"mca:needle_and_thread":2,"pvz_zengarden:zengarden_guide":1},"minecraft:dropped":{"mca:needle_and_thread":1,"minecraft:rotten_flesh":6}},"DataVersion":3465}