{"stats":{"minecraft:used":{"minecraft:diamond_pickaxe":1,"minecraft:diamond_boots":1,"minecraft:bread":1,"minecraft:baked_potato":18,"minecraft:iron_sword":22,"minecraft:iron_boots":1,"minecraft:cobblestone_slab":1,"minecraft:green_terracotta":2,"minecraft:iron_chestplate":1,"minecraft:diamond_chestplate":1,"minecraft:anvil":1,"minecraft:diamond_helmet":1,"minecraft:diamond_leggings":1},"minecraft:dropped":{"jujutsucraft:item_insect":1,"minecraft:green_terracotta":1,"jujutsucraft:uniform_normal_leggings":1,"minecraft:baked_potato":3,"alexsmobs:animal_dictionary":1,"jujutsucraft:cursed_technique_changer":1,"jujutsucraft:uniform_normal_boots":1,"jujutsucraft:uniform_normal_chestplate":1,"patchouli:guide_book":1},"minecraft:killed_by":{"minecraft:player":1},"minecraft:killed":{"creeperoverhaul:hills_creeper":1,"jujutsucraft:curse_user_1":1},"minecraft:crafted":{"minecraft:iron_boots":1},"minecraft:mined":{"minecraft:cobblestone_slab":1},"minecraft:picked_up":{"minecraft:baked_potato":3},"minecraft:custom":{"minecraft:time_since_rest":29547,"minecraft:interact_with_furnace":2,"minecraft:sprint_one_cm":68568,"minecraft:damage_taken":1299,"minecraft:walk_one_cm":76828,"minecraft:mob_kills":4,"minecraft:interact_with_anvil":2,"minecraft:drop":11,"minecraft:inspect_hopper":1,"minecraft:minecart_one_cm":22498,"minecraft:damage_dealt":838,"minecraft:swim_one_cm":3041,"minecraft:interact_with_crafting_table":2,"minecraft:fly_one_cm":203026,"minecraft:open_chest":43,"minecraft:crouch_one_cm":402,"minecraft:play_time":31202,"minecraft:deaths":1,"minecraft:sneak_time":550,"minecraft:walk_under_water_one_cm":4348,"minecraft:jump":275,"minecraft:damage_dealt_resisted":433,"minecraft:leave_game":1,"minecraft:time_since_death":29523,"minecraft:walk_on_water_one_cm":580,"minecraft:total_world_time":31202,"minecraft:climb_one_cm":1561,"minecraft:interact_with_smoker":2,"minecraft:fall_one_cm":6349}},"DataVersion":3465}