{"stats":{"minecraft:mined":{"minecraft:red_bed":2,"iceandfire:silver_ore":1,"antlers:bloody_fox":2,"minecraft:torch":2,"iceandfire:dragon_ice_spikes":5,"travelersbackpack:iron_golem":3,"minecraft:grass_block":1,"minecraft:wall_torch":4,"minecraft:spawner":7,"minecraft:hay_block":30,"minecraft:chain":2,"minecraft:purple_bed":1,"minecraft:barrel":1,"minecraft:andesite":1,"minecraft:grass":16,"minecraft:coal_ore":69,"minecraft:iron_bars":2,"minecraft:cobweb":4,"minecraft:stone":2,"antlers:bloody_cow":2,"minecraft:deepslate":27},"minecraft:used":{"simplyswords:diamond_katana":295,"minecraft:ender_pearl":2,"minecraft:chest":2,"travelersbackpack:iron_golem":7,"iceandfire:armor_sapphire_helmet":1,"iceandfire:armor_sapphire_boots":1,"iceandfire:armor_copper_chestplate":1,"minecraft:torch":15,"minecraft:dirt":20,"minecraft:red_bed":2,"minecraft:diamond_helmet":1,"minecraft:diamond_pickaxe":40,"minecraft:bread":9,"minecraft:iron_pickaxe":85,"minecraft:item_frame":1,"minecraft:bow":22,"minecraft:cobblestone":1,"minecraft:potion":2,"iceandfire:armor_sapphire_leggings":1},"minecraft:custom":{"minecraft:interact_with_furnace":3,"minecraft:mob_kills":69,"minecraft:interact_with_crafting_table":10,"minecraft:open_barrel":150,"minecraft:damage_dealt_resisted":2304,"minecraft:leave_game":3,"minecraft:time_since_death":141253,"minecraft:climb_one_cm":11798,"minecraft:time_since_rest":141357,"minecraft:sprint_one_cm":311636,"minecraft:damage_taken":3641,"minecraft:walk_one_cm":744252,"minecraft:drop":53,"minecraft:damage_dealt":13084,"minecraft:fly_one_cm":345599,"minecraft:open_chest":179,"minecraft:crouch_one_cm":3077,"minecraft:play_time":173618,"minecraft:deaths":2,"minecraft:sneak_time":1593,"minecraft:walk_under_water_one_cm":8710,"minecraft:jump":1169,"minecraft:interact_with_brewingstand":3,"minecraft:walk_on_water_one_cm":11703,"minecraft:interact_with_smoker":6,"minecraft:total_world_time":173618,"minecraft:inspect_dispenser":1,"minecraft:fall_one_cm":44115,"minecraft:horse_one_cm":5967},"minecraft:picked_up":{"born_in_chaos_v1:corpse_maggot":3,"travelersbackpack:iron_golem":4,"minecraft:glow_ink_sac":3,"minecraft:andesite":1,"born_in_chaos_v1:spiritual_dust":8,"born_in_chaos_v1:seedof_chaos":12,"simplyswords:diamond_katana":4,"croptopia:glowing_calamari":2,"alexsmobs:bear_fur":2,"minecraft:potion":1,"minecraft:oak_log":2,"hangglider:glider_wing":2,"minecraft:chain":2,"minecraft:dirt":1,"minecraft:string":15,"minecraft:red_bed":2,"minecraft:item_frame":10,"minecraft:bone":62,"minecraft:wheat_seeds":1,"minecraft:cobbled_deepslate":26,"minecraft:iron_pickaxe":5,"hangglider:hang_glider":1,"minecraft:stone_hoe":1,"minecraft:tipped_arrow":5,"minecraft:ghast_tear":1,"born_in_chaos_v1:shattered_skull":1,"minecraft:torch":27,"born_in_chaos_v1:lifestealer_bone":6,"patchouli:guide_book":1,"born_in_chaos_v1:orbofthe_summoner":2,"iceandfire:dragonscales_sapphire":64,"mca:needle_and_thread":2,"hangglider:glider_framework":1,"minecraft:amethyst_shard":6,"born_in_chaos_v1:pieceofdarkmetal":15,"minecraft:redstone":1,"minecraft:spider_eye":5,"minecraft:arrow":19,"minecraft:purple_bed":1,"minecraft:rotten_flesh":17,"iceandfire:dragonegg_bronze":1,"hole_filler_mod:throwable_hole_filler":7,"relics:horse_flute":2,"minecraft:hay_block":30,"pvz_zengarden:zengarden_guide":1,"iceandfire:silver_nugget":66,"reliquary:witch_hat":1,"minecraft:light_gray_carpet":2,"mutantmonsters:mutant_skeleton_shoulder_pad":1,"minecraft:blaze_powder":1,"minecraft:iron_bars":2,"minecraft:coal":66,"iceandfire:raw_silver":1,"minecraft:cobblestone":1,"minecraft:diamond_pickaxe":2},"minecraft:killed_by":{"minecraft:player":1},"minecraft:killed":{"born_in_chaos_v1:lifestealer_true_form":2,"minecraft:vex":1,"minecraft:cave_spider":6,"alexsmobs:grizzly_bear":2,"born_in_chaos_v1:bone_imp_minion":9,"alexsmobs:raccoon":1,"minecraft:spider":6,"mutantmonsters:mutant_skeleton":1,"lcm:bracken":1,"born_in_chaos_v1:baby_skeleton_minion":3,"born_in_chaos_v1:maggot":2,"minecraft:skeleton":3,"minecraft:zombie":5,"minecraft:chicken":1,"born_in_chaos_v1:corpse_fly":1,"born_in_chaos_v1:bonescaller_not_despawn":1,"minecraft:stray":8,"born_in_chaos_v1:supreme_bonescaller_stage_2":1},"minecraft:crafted":{"minecraft:oak_planks":16,"iceandfire:armor_sapphire_helmet":1,"iceandfire:armor_sapphire_chestplate":1,"hangglider:hang_glider":1,"iceandfire:armor_sapphire_leggings":1,"minecraft:chest":2,"iceandfire:armor_sapphire_boots":1},"minecraft:dropped":{"iceandfire:dragonscales_sapphire":20,"hangglider:hang_glider":1,"relics:hunter_belt":1,"alexsmobs:animal_dictionary":1,"minecraft:glass_bottle":2,"relics:infinity_ham":1,"minecraft:rotten_flesh":6,"relics:horse_flute":2,"born_in_chaos_v1:pieceofdarkmetal":3,"artifacts:everlasting_beef":1,"mutantmonsters:mutant_skeleton_shoulder_pad":1,"patchouli:guide_book":2,"minecraft:item_frame":9,"minecraft:dirt":1,"mca:book_romance":1,"pvz_zengarden:zengarden_guide":1,"simplyswords:diamond_katana":4,"born_in_chaos_v1:seedof_chaos":3,"reliquary:witch_hat":1,"travelersbackpack:iron_golem":2,"minecraft:diamond_pickaxe":1,"artifacts:pocket_piston":1,"mca:needle_and_thread":1,"born_in_chaos_v1:lifestealer_bone":2,"minecraft:chain":2,"minecraft:spider_eye":2,"minecraft:iron_pickaxe":5,"minecraft:string":14,"croptopia:glowing_calamari":2}},"DataVersion":3465}