{"stats":{"minecraft:mined":{"minecraft:red_bed":2,"iceandfire:silver_ore":1,"antlers:bloody_fox":2,"iceandfire:dragon_ice_spikes":5,"travelersbackpack:iron_golem":3,"minecraft:grass_block":1,"minecraft:hay_block":30,"minecraft:purple_bed":1,"minecraft:barrel":1,"minecraft:grass":16,"minecraft:coal_ore":69,"minecraft:iron_bars":2,"minecraft:cobweb":3,"minecraft:stone":2,"antlers:bloody_cow":2},"minecraft:used":{"simplyswords:diamond_katana":87,"minecraft:chest":2,"travelersbackpack:iron_golem":7,"iceandfire:armor_sapphire_helmet":1,"iceandfire:armor_sapphire_boots":1,"iceandfire:armor_copper_chestplate":1,"minecraft:dirt":15,"minecraft:red_bed":2,"minecraft:diamond_helmet":1,"minecraft:diamond_pickaxe":2,"minecraft:bread":9,"minecraft:iron_pickaxe":85,"minecraft:item_frame":1,"minecraft:bow":9,"minecraft:cobblestone":1,"minecraft:potion":1,"iceandfire:armor_sapphire_leggings":1},"minecraft:custom":{"minecraft:interact_with_furnace":3,"minecraft:mob_kills":14,"minecraft:interact_with_crafting_table":9,"minecraft:open_barrel":85,"minecraft:leave_game":3,"minecraft:time_since_death":81253,"minecraft:climb_one_cm":8620,"minecraft:time_since_rest":81357,"minecraft:sprint_one_cm":218917,"minecraft:damage_taken":2034,"minecraft:walk_one_cm":419256,"minecraft:drop":38,"minecraft:damage_dealt":3975,"minecraft:fly_one_cm":222474,"minecraft:open_chest":107,"minecraft:crouch_one_cm":1686,"minecraft:play_time":113618,"minecraft:deaths":2,"minecraft:sneak_time":701,"minecraft:walk_under_water_one_cm":2512,"minecraft:jump":756,"minecraft:interact_with_brewingstand":2,"minecraft:walk_on_water_one_cm":1615,"minecraft:interact_with_smoker":6,"minecraft:total_world_time":113618,"minecraft:fall_one_cm":34059},"minecraft:picked_up":{"travelersbackpack:iron_golem":4,"born_in_chaos_v1:seedof_chaos":9,"simplyswords:diamond_katana":4,"alexsmobs:bear_fur":2,"minecraft:potion":1,"minecraft:oak_log":2,"hangglider:glider_wing":2,"minecraft:dirt":1,"minecraft:string":1,"minecraft:red_bed":2,"minecraft:item_frame":1,"minecraft:bone":29,"minecraft:iron_pickaxe":5,"hangglider:hang_glider":1,"born_in_chaos_v1:lifestealer_bone":6,"patchouli:guide_book":1,"iceandfire:dragonscales_sapphire":64,"mca:needle_and_thread":2,"hangglider:glider_framework":1,"born_in_chaos_v1:pieceofdarkmetal":13,"minecraft:arrow":4,"minecraft:purple_bed":1,"minecraft:rotten_flesh":12,"iceandfire:dragonegg_bronze":1,"hole_filler_mod:throwable_hole_filler":7,"relics:horse_flute":2,"minecraft:hay_block":30,"pvz_zengarden:zengarden_guide":1,"mutantmonsters:mutant_skeleton_shoulder_pad":1,"minecraft:iron_bars":2,"minecraft:coal":66,"iceandfire:raw_silver":1,"minecraft:cobblestone":1,"minecraft:diamond_pickaxe":1},"minecraft:killed_by":{"minecraft:player":1},"minecraft:killed":{"born_in_chaos_v1:lifestealer_true_form":2,"alexsmobs:grizzly_bear":2,"alexsmobs:raccoon":1,"mutantmonsters:mutant_skeleton":1,"lcm:bracken":1,"minecraft:skeleton":3,"minecraft:chicken":1,"born_in_chaos_v1:corpse_fly":1},"minecraft:crafted":{"minecraft:oak_planks":16,"iceandfire:armor_sapphire_helmet":1,"iceandfire:armor_sapphire_chestplate":1,"hangglider:hang_glider":1,"iceandfire:armor_sapphire_leggings":1,"minecraft:chest":2,"iceandfire:armor_sapphire_boots":1},"minecraft:dropped":{"iceandfire:dragonscales_sapphire":20,"hangglider:hang_glider":1,"alexsmobs:animal_dictionary":1,"minecraft:glass_bottle":1,"minecraft:rotten_flesh":6,"relics:horse_flute":2,"born_in_chaos_v1:pieceofdarkmetal":3,"artifacts:everlasting_beef":1,"mutantmonsters:mutant_skeleton_shoulder_pad":1,"patchouli:guide_book":2,"minecraft:dirt":1,"mca:book_romance":1,"pvz_zengarden:zengarden_guide":1,"simplyswords:diamond_katana":4,"born_in_chaos_v1:seedof_chaos":3,"travelersbackpack:iron_golem":1,"mca:needle_and_thread":1,"born_in_chaos_v1:lifestealer_bone":2,"minecraft:iron_pickaxe":5}},"DataVersion":3465}