{"stats":{"minecraft:mined":{"minecraft:grass":2,"minecraft:red_bed":1,"antlers:bloody_fox":1},"minecraft:custom":{"minecraft:time_since_rest":4484,"minecraft:open_chest":38,"minecraft:interact_with_furnace":1,"minecraft:play_time":23618,"minecraft:sprint_one_cm":44240,"minecraft:deaths":1,"minecraft:damage_taken":357,"minecraft:walk_one_cm":50318,"minecraft:drop":8,"minecraft:jump":144,"minecraft:damage_dealt":142,"minecraft:leave_game":3,"minecraft:walk_on_water_one_cm":176,"minecraft:time_since_death":4456,"minecraft:climb_one_cm":812,"minecraft:total_world_time":23618,"minecraft:interact_with_crafting_table":1,"minecraft:fall_one_cm":3059,"minecraft:fly_one_cm":23098},"minecraft:used":{"iceandfire:armor_copper_chestplate":1,"simplyswords:diamond_katana":2,"minecraft:bread":3,"minecraft:diamond_helmet":1,"iceandfire:armor_sapphire_leggings":1,"iceandfire:armor_sapphire_helmet":1,"iceandfire:armor_sapphire_boots":1},"minecraft:picked_up":{"minecraft:rotten_flesh":6,"patchouli:guide_book":1,"iceandfire:dragonscales_sapphire":44,"mca:needle_and_thread":2,"pvz_zengarden:zengarden_guide":1,"minecraft:red_bed":1},"minecraft:killed_by":{"minecraft:player":1},"minecraft:crafted":{"iceandfire:armor_sapphire_boots":1,"iceandfire:armor_sapphire_helmet":1,"iceandfire:armor_sapphire_chestplate":1,"iceandfire:armor_sapphire_leggings":1},"minecraft:dropped":{"minecraft:rotten_flesh":6,"patchouli:guide_book":1,"mca:needle_and_thread":1}},"DataVersion":3465}