{"stats":{"minecraft:mined":{"minecraft:red_bed":2,"iceandfire:silver_ore":1,"antlers:bloody_fox":2,"minecraft:torch":2,"iceandfire:dragon_ice_spikes":5,"travelersbackpack:iron_golem":3,"minecraft:grass_block":1,"minecraft:wall_torch":2,"minecraft:hay_block":30,"minecraft:purple_bed":1,"minecraft:barrel":1,"minecraft:andesite":1,"minecraft:grass":16,"minecraft:coal_ore":69,"minecraft:iron_bars":2,"minecraft:cobweb":4,"minecraft:stone":2,"antlers:bloody_cow":2,"minecraft:deepslate":27},"minecraft:used":{"simplyswords:diamond_katana":118,"minecraft:chest":2,"travelersbackpack:iron_golem":7,"iceandfire:armor_sapphire_helmet":1,"iceandfire:armor_sapphire_boots":1,"iceandfire:armor_copper_chestplate":1,"minecraft:torch":11,"minecraft:dirt":20,"minecraft:red_bed":2,"minecraft:diamond_helmet":1,"minecraft:diamond_pickaxe":30,"minecraft:bread":9,"minecraft:iron_pickaxe":85,"minecraft:item_frame":1,"minecraft:bow":16,"minecraft:cobblestone":1,"minecraft:potion":1,"iceandfire:armor_sapphire_leggings":1},"minecraft:custom":{"minecraft:interact_with_furnace":3,"minecraft:mob_kills":16,"minecraft:interact_with_crafting_table":10,"minecraft:open_barrel":126,"minecraft:damage_dealt_resisted":857,"minecraft:leave_game":3,"minecraft:time_since_death":117253,"minecraft:climb_one_cm":10809,"minecraft:time_since_rest":117357,"minecraft:sprint_one_cm":258149,"minecraft:damage_taken":2767,"minecraft:walk_one_cm":621823,"minecraft:drop":48,"minecraft:damage_dealt":4739,"minecraft:fly_one_cm":296197,"minecraft:open_chest":142,"minecraft:crouch_one_cm":2098,"minecraft:play_time":149618,"minecraft:deaths":2,"minecraft:sneak_time":864,"minecraft:walk_under_water_one_cm":8710,"minecraft:jump":1001,"minecraft:interact_with_brewingstand":2,"minecraft:walk_on_water_one_cm":11018,"minecraft:interact_with_smoker":6,"minecraft:total_world_time":149618,"minecraft:inspect_dispenser":1,"minecraft:fall_one_cm":42114,"minecraft:horse_one_cm":5967},"minecraft:picked_up":{"travelersbackpack:iron_golem":4,"minecraft:glow_ink_sac":3,"minecraft:andesite":1,"born_in_chaos_v1:spiritual_dust":4,"born_in_chaos_v1:seedof_chaos":10,"simplyswords:diamond_katana":4,"croptopia:glowing_calamari":2,"alexsmobs:bear_fur":2,"minecraft:potion":1,"minecraft:oak_log":2,"hangglider:glider_wing":2,"minecraft:dirt":1,"minecraft:string":1,"minecraft:red_bed":2,"minecraft:item_frame":10,"minecraft:bone":36,"minecraft:cobbled_deepslate":26,"minecraft:iron_pickaxe":5,"hangglider:hang_glider":1,"minecraft:stone_hoe":1,"minecraft:ghast_tear":1,"minecraft:torch":25,"born_in_chaos_v1:lifestealer_bone":6,"patchouli:guide_book":1,"born_in_chaos_v1:orbofthe_summoner":1,"iceandfire:dragonscales_sapphire":64,"mca:needle_and_thread":2,"hangglider:glider_framework":1,"minecraft:amethyst_shard":6,"born_in_chaos_v1:pieceofdarkmetal":13,"minecraft:redstone":1,"minecraft:arrow":5,"minecraft:purple_bed":1,"minecraft:rotten_flesh":12,"iceandfire:dragonegg_bronze":1,"hole_filler_mod:throwable_hole_filler":7,"relics:horse_flute":2,"minecraft:hay_block":30,"pvz_zengarden:zengarden_guide":1,"reliquary:witch_hat":1,"minecraft:light_gray_carpet":2,"mutantmonsters:mutant_skeleton_shoulder_pad":1,"minecraft:blaze_powder":1,"minecraft:iron_bars":2,"minecraft:coal":66,"iceandfire:raw_silver":1,"minecraft:cobblestone":1,"minecraft:diamond_pickaxe":2},"minecraft:killed_by":{"minecraft:player":1},"minecraft:killed":{"born_in_chaos_v1:lifestealer_true_form":2,"alexsmobs:grizzly_bear":2,"alexsmobs:raccoon":1,"mutantmonsters:mutant_skeleton":1,"lcm:bracken":1,"minecraft:skeleton":3,"minecraft:chicken":1,"born_in_chaos_v1:corpse_fly":1},"minecraft:crafted":{"minecraft:oak_planks":16,"iceandfire:armor_sapphire_helmet":1,"iceandfire:armor_sapphire_chestplate":1,"hangglider:hang_glider":1,"iceandfire:armor_sapphire_leggings":1,"minecraft:chest":2,"iceandfire:armor_sapphire_boots":1},"minecraft:dropped":{"iceandfire:dragonscales_sapphire":20,"hangglider:hang_glider":1,"relics:hunter_belt":1,"alexsmobs:animal_dictionary":1,"minecraft:glass_bottle":1,"relics:infinity_ham":1,"minecraft:rotten_flesh":6,"relics:horse_flute":2,"born_in_chaos_v1:pieceofdarkmetal":3,"artifacts:everlasting_beef":1,"mutantmonsters:mutant_skeleton_shoulder_pad":1,"patchouli:guide_book":2,"minecraft:item_frame":9,"minecraft:dirt":1,"mca:book_romance":1,"pvz_zengarden:zengarden_guide":1,"simplyswords:diamond_katana":4,"born_in_chaos_v1:seedof_chaos":3,"reliquary:witch_hat":1,"travelersbackpack:iron_golem":2,"minecraft:diamond_pickaxe":1,"artifacts:pocket_piston":1,"mca:needle_and_thread":1,"born_in_chaos_v1:lifestealer_bone":2,"minecraft:iron_pickaxe":5,"croptopia:glowing_calamari":2}},"DataVersion":3465}