{"stats":{"minecraft:mined":{"minecraft:red_bed":2,"iceandfire:silver_ore":1,"antlers:bloody_fox":2,"iceandfire:dragon_ice_spikes":5,"travelersbackpack:iron_golem":3,"minecraft:grass_block":1,"minecraft:hay_block":30,"minecraft:purple_bed":1,"minecraft:barrel":1,"minecraft:grass":16,"minecraft:coal_ore":69,"minecraft:cobweb":3,"minecraft:stone":2,"antlers:bloody_cow":2},"minecraft:used":{"simplyswords:diamond_katana":60,"travelersbackpack:iron_golem":7,"iceandfire:armor_sapphire_helmet":1,"iceandfire:armor_sapphire_boots":1,"iceandfire:armor_copper_chestplate":1,"minecraft:dirt":15,"minecraft:red_bed":2,"minecraft:diamond_helmet":1,"minecraft:bread":9,"minecraft:iron_pickaxe":85,"minecraft:item_frame":1,"minecraft:bow":9,"minecraft:cobblestone":1,"minecraft:potion":1,"iceandfire:armor_sapphire_leggings":1},"minecraft:custom":{"minecraft:interact_with_furnace":2,"minecraft:mob_kills":8,"minecraft:interact_with_crafting_table":4,"minecraft:open_barrel":85,"minecraft:leave_game":3,"minecraft:time_since_death":69253,"minecraft:climb_one_cm":7652,"minecraft:time_since_rest":69357,"minecraft:sprint_one_cm":199699,"minecraft:damage_taken":1820,"minecraft:walk_one_cm":356975,"minecraft:drop":35,"minecraft:damage_dealt":2801,"minecraft:fly_one_cm":183953,"minecraft:open_chest":85,"minecraft:crouch_one_cm":1407,"minecraft:play_time":101618,"minecraft:deaths":2,"minecraft:sneak_time":651,"minecraft:walk_under_water_one_cm":2238,"minecraft:jump":712,"minecraft:interact_with_brewingstand":2,"minecraft:walk_on_water_one_cm":984,"minecraft:interact_with_smoker":6,"minecraft:total_world_time":101618,"minecraft:fall_one_cm":30969},"minecraft:picked_up":{"travelersbackpack:iron_golem":4,"born_in_chaos_v1:seedof_chaos":9,"simplyswords:diamond_katana":4,"alexsmobs:bear_fur":2,"minecraft:potion":1,"hangglider:glider_wing":2,"minecraft:dirt":1,"minecraft:string":1,"minecraft:red_bed":2,"minecraft:item_frame":1,"minecraft:bone":23,"minecraft:iron_pickaxe":5,"hangglider:hang_glider":1,"born_in_chaos_v1:lifestealer_bone":6,"patchouli:guide_book":1,"iceandfire:dragonscales_sapphire":64,"mca:needle_and_thread":2,"hangglider:glider_framework":1,"born_in_chaos_v1:pieceofdarkmetal":13,"minecraft:purple_bed":1,"minecraft:rotten_flesh":12,"hole_filler_mod:throwable_hole_filler":7,"minecraft:hay_block":30,"pvz_zengarden:zengarden_guide":1,"minecraft:coal":66,"iceandfire:raw_silver":1,"minecraft:cobblestone":1,"minecraft:diamond_pickaxe":1},"minecraft:killed_by":{"minecraft:player":1},"minecraft:killed":{"born_in_chaos_v1:lifestealer_true_form":2,"alexsmobs:grizzly_bear":2,"alexsmobs:raccoon":1,"lcm:bracken":1,"minecraft:chicken":1,"born_in_chaos_v1:corpse_fly":1},"minecraft:crafted":{"iceandfire:armor_sapphire_helmet":1,"iceandfire:armor_sapphire_chestplate":1,"hangglider:hang_glider":1,"iceandfire:armor_sapphire_leggings":1,"iceandfire:armor_sapphire_boots":1},"minecraft:dropped":{"iceandfire:dragonscales_sapphire":20,"hangglider:hang_glider":1,"alexsmobs:animal_dictionary":1,"minecraft:glass_bottle":1,"minecraft:rotten_flesh":6,"born_in_chaos_v1:pieceofdarkmetal":3,"artifacts:everlasting_beef":1,"patchouli:guide_book":2,"minecraft:dirt":1,"mca:book_romance":1,"pvz_zengarden:zengarden_guide":1,"simplyswords:diamond_katana":4,"born_in_chaos_v1:seedof_chaos":3,"travelersbackpack:iron_golem":1,"mca:needle_and_thread":1,"born_in_chaos_v1:lifestealer_bone":2,"minecraft:iron_pickaxe":5}},"DataVersion":3465}