{"stats":{"minecraft:mined":{"minecraft:red_bed":2,"iceandfire:silver_ore":1,"antlers:bloody_fox":2,"minecraft:torch":1,"iceandfire:dragon_ice_spikes":5,"travelersbackpack:iron_golem":3,"minecraft:grass_block":1,"minecraft:wall_torch":2,"minecraft:hay_block":30,"minecraft:purple_bed":1,"minecraft:barrel":1,"minecraft:andesite":1,"minecraft:grass":16,"minecraft:coal_ore":69,"minecraft:iron_bars":2,"minecraft:cobweb":4,"minecraft:stone":2,"antlers:bloody_cow":2,"minecraft:deepslate":27},"minecraft:used":{"simplyswords:diamond_katana":94,"minecraft:chest":2,"travelersbackpack:iron_golem":7,"iceandfire:armor_sapphire_helmet":1,"iceandfire:armor_sapphire_boots":1,"iceandfire:armor_copper_chestplate":1,"minecraft:torch":6,"minecraft:dirt":20,"minecraft:red_bed":2,"minecraft:diamond_helmet":1,"minecraft:diamond_pickaxe":30,"minecraft:bread":9,"minecraft:iron_pickaxe":85,"minecraft:item_frame":1,"minecraft:bow":9,"minecraft:cobblestone":1,"minecraft:potion":1,"iceandfire:armor_sapphire_leggings":1},"minecraft:custom":{"minecraft:interact_with_furnace":3,"minecraft:mob_kills":14,"minecraft:interact_with_crafting_table":9,"minecraft:open_barrel":124,"minecraft:damage_dealt_resisted":41,"minecraft:leave_game":3,"minecraft:time_since_death":105253,"minecraft:climb_one_cm":10809,"minecraft:time_since_rest":105357,"minecraft:sprint_one_cm":247041,"minecraft:damage_taken":2209,"minecraft:walk_one_cm":556268,"minecraft:drop":43,"minecraft:damage_dealt":4261,"minecraft:fly_one_cm":273271,"minecraft:open_chest":138,"minecraft:crouch_one_cm":2092,"minecraft:play_time":137618,"minecraft:deaths":2,"minecraft:sneak_time":861,"minecraft:walk_under_water_one_cm":7144,"minecraft:jump":924,"minecraft:interact_with_brewingstand":2,"minecraft:walk_on_water_one_cm":6311,"minecraft:interact_with_smoker":6,"minecraft:total_world_time":137618,"minecraft:fall_one_cm":38954,"minecraft:horse_one_cm":5967},"minecraft:picked_up":{"travelersbackpack:iron_golem":4,"minecraft:andesite":1,"born_in_chaos_v1:spiritual_dust":4,"born_in_chaos_v1:seedof_chaos":10,"simplyswords:diamond_katana":4,"alexsmobs:bear_fur":2,"minecraft:potion":1,"minecraft:oak_log":2,"hangglider:glider_wing":2,"minecraft:dirt":1,"minecraft:string":1,"minecraft:red_bed":2,"minecraft:item_frame":1,"minecraft:bone":34,"minecraft:cobbled_deepslate":26,"minecraft:iron_pickaxe":5,"hangglider:hang_glider":1,"minecraft:stone_hoe":1,"minecraft:torch":24,"born_in_chaos_v1:lifestealer_bone":6,"patchouli:guide_book":1,"born_in_chaos_v1:orbofthe_summoner":1,"iceandfire:dragonscales_sapphire":64,"mca:needle_and_thread":2,"hangglider:glider_framework":1,"born_in_chaos_v1:pieceofdarkmetal":13,"minecraft:arrow":4,"minecraft:purple_bed":1,"minecraft:rotten_flesh":12,"iceandfire:dragonegg_bronze":1,"hole_filler_mod:throwable_hole_filler":7,"relics:horse_flute":2,"minecraft:hay_block":30,"pvz_zengarden:zengarden_guide":1,"reliquary:witch_hat":1,"minecraft:light_gray_carpet":2,"mutantmonsters:mutant_skeleton_shoulder_pad":1,"minecraft:iron_bars":2,"minecraft:coal":66,"iceandfire:raw_silver":1,"minecraft:cobblestone":1,"minecraft:diamond_pickaxe":1},"minecraft:killed_by":{"minecraft:player":1},"minecraft:killed":{"born_in_chaos_v1:lifestealer_true_form":2,"alexsmobs:grizzly_bear":2,"alexsmobs:raccoon":1,"mutantmonsters:mutant_skeleton":1,"lcm:bracken":1,"minecraft:skeleton":3,"minecraft:chicken":1,"born_in_chaos_v1:corpse_fly":1},"minecraft:crafted":{"minecraft:oak_planks":16,"iceandfire:armor_sapphire_helmet":1,"iceandfire:armor_sapphire_chestplate":1,"hangglider:hang_glider":1,"iceandfire:armor_sapphire_leggings":1,"minecraft:chest":2,"iceandfire:armor_sapphire_boots":1},"minecraft:dropped":{"iceandfire:dragonscales_sapphire":20,"hangglider:hang_glider":1,"relics:hunter_belt":1,"alexsmobs:animal_dictionary":1,"minecraft:glass_bottle":1,"relics:infinity_ham":1,"minecraft:rotten_flesh":6,"relics:horse_flute":2,"born_in_chaos_v1:pieceofdarkmetal":3,"artifacts:everlasting_beef":1,"mutantmonsters:mutant_skeleton_shoulder_pad":1,"patchouli:guide_book":2,"minecraft:dirt":1,"mca:book_romance":1,"pvz_zengarden:zengarden_guide":1,"simplyswords:diamond_katana":4,"born_in_chaos_v1:seedof_chaos":3,"reliquary:witch_hat":1,"travelersbackpack:iron_golem":2,"artifacts:pocket_piston":1,"mca:needle_and_thread":1,"born_in_chaos_v1:lifestealer_bone":2,"minecraft:iron_pickaxe":5}},"DataVersion":3465}