{"stats":{"minecraft:mined":{"minecraft:grass":2},"minecraft:custom":{"minecraft:jump":30,"minecraft:time_since_rest":5103,"minecraft:leave_game":1,"minecraft:sprint_one_cm":6108,"minecraft:play_time":5103,"minecraft:time_since_death":5103,"minecraft:walk_one_cm":15742,"minecraft:total_world_time":5103,"minecraft:drop":1,"minecraft:fall_one_cm":627,"minecraft:fly_one_cm":6261,"minecraft:open_chest":3},"minecraft:picked_up":{"mca:needle_and_thread":2,"pvz_zengarden:zengarden_guide":1},"minecraft:dropped":{"mca:needle_and_thread":1}},"DataVersion":3465}