{"stats":{"minecraft:mined":{"minecraft:hay_block":30,"iceandfire:silver_ore":1,"minecraft:red_bed":1,"antlers:bloody_fox":2,"iceandfire:dragon_ice_spikes":5,"minecraft:grass":16,"travelersbackpack:iron_golem":1,"minecraft:grass_block":1,"minecraft:coal_ore":69,"minecraft:stone":2,"antlers:bloody_cow":2},"minecraft:used":{"simplyswords:diamond_katana":23,"minecraft:bread":9,"minecraft:iron_pickaxe":85,"travelersbackpack:iron_golem":4,"iceandfire:armor_sapphire_helmet":1,"iceandfire:armor_sapphire_boots":1,"iceandfire:armor_copper_chestplate":1,"minecraft:dirt":5,"minecraft:cobblestone":1,"minecraft:diamond_helmet":1,"iceandfire:armor_sapphire_leggings":1},"minecraft:custom":{"minecraft:time_since_rest":33357,"minecraft:interact_with_furnace":1,"minecraft:sprint_one_cm":123469,"minecraft:damage_taken":911,"minecraft:walk_one_cm":118775,"minecraft:mob_kills":4,"minecraft:drop":23,"minecraft:damage_dealt":1352,"minecraft:open_barrel":30,"minecraft:interact_with_crafting_table":3,"minecraft:fly_one_cm":71000,"minecraft:open_chest":59,"minecraft:crouch_one_cm":368,"minecraft:play_time":65618,"minecraft:deaths":2,"minecraft:sneak_time":343,"minecraft:jump":390,"minecraft:leave_game":3,"minecraft:time_since_death":33253,"minecraft:walk_on_water_one_cm":176,"minecraft:total_world_time":65618,"minecraft:climb_one_cm":1834,"minecraft:interact_with_smoker":5,"minecraft:fall_one_cm":16595},"minecraft:picked_up":{"travelersbackpack:iron_golem":1,"simplyswords:diamond_katana":3,"patchouli:guide_book":1,"iceandfire:dragonscales_sapphire":64,"hangglider:glider_framework":1,"alexsmobs:bear_fur":2,"mca:needle_and_thread":2,"hangglider:glider_wing":2,"minecraft:dirt":1,"minecraft:red_bed":1,"minecraft:rotten_flesh":12,"minecraft:hay_block":30,"pvz_zengarden:zengarden_guide":1,"minecraft:iron_pickaxe":5,"hangglider:hang_glider":1,"minecraft:coal":66,"iceandfire:raw_silver":1,"minecraft:cobblestone":1},"minecraft:killed_by":{"minecraft:player":1},"minecraft:killed":{"alexsmobs:grizzly_bear":2,"minecraft:chicken":1,"alexsmobs:raccoon":1},"minecraft:crafted":{"iceandfire:armor_sapphire_helmet":1,"hangglider:hang_glider":1,"iceandfire:armor_sapphire_chestplate":1,"iceandfire:armor_sapphire_boots":1,"iceandfire:armor_sapphire_leggings":1},"minecraft:dropped":{"minecraft:dirt":1,"iceandfire:dragonscales_sapphire":20,"hangglider:hang_glider":1,"simplyswords:diamond_katana":3,"pvz_zengarden:zengarden_guide":1,"mca:book_romance":1,"alexsmobs:animal_dictionary":1,"mca:needle_and_thread":1,"minecraft:rotten_flesh":6,"minecraft:iron_pickaxe":5,"patchouli:guide_book":2}},"DataVersion":3465}