{"stats":{"minecraft:mined":{"iceandfire:silver_ore":1,"minecraft:red_bed":1,"antlers:bloody_fox":2,"minecraft:grass":2,"travelersbackpack:iron_golem":1,"minecraft:grass_block":1,"minecraft:coal_ore":69,"minecraft:stone":1,"antlers:bloody_cow":2},"minecraft:used":{"simplyswords:diamond_katana":6,"minecraft:bread":8,"minecraft:iron_pickaxe":71,"travelersbackpack:iron_golem":2,"iceandfire:armor_sapphire_helmet":1,"iceandfire:armor_sapphire_boots":1,"iceandfire:armor_copper_chestplate":1,"minecraft:dirt":1,"minecraft:diamond_helmet":1,"iceandfire:armor_sapphire_leggings":1},"minecraft:custom":{"minecraft:time_since_rest":3357,"minecraft:interact_with_furnace":1,"minecraft:sprint_one_cm":84460,"minecraft:damage_taken":787,"minecraft:walk_one_cm":85012,"minecraft:mob_kills":1,"minecraft:drop":15,"minecraft:damage_dealt":222,"minecraft:open_barrel":4,"minecraft:interact_with_crafting_table":2,"minecraft:fly_one_cm":46163,"minecraft:open_chest":45,"minecraft:crouch_one_cm":190,"minecraft:play_time":35618,"minecraft:deaths":2,"minecraft:sneak_time":130,"minecraft:jump":286,"minecraft:leave_game":3,"minecraft:time_since_death":3253,"minecraft:walk_on_water_one_cm":176,"minecraft:total_world_time":35618,"minecraft:climb_one_cm":812,"minecraft:interact_with_smoker":1,"minecraft:fall_one_cm":13649},"minecraft:picked_up":{"travelersbackpack:iron_golem":1,"patchouli:guide_book":1,"iceandfire:dragonscales_sapphire":64,"mca:needle_and_thread":2,"minecraft:dirt":1,"minecraft:red_bed":1,"minecraft:rotten_flesh":12,"pvz_zengarden:zengarden_guide":1,"minecraft:iron_pickaxe":1,"minecraft:coal":66,"iceandfire:raw_silver":1},"minecraft:killed_by":{"minecraft:player":1},"minecraft:killed":{"alexsmobs:raccoon":1},"minecraft:crafted":{"iceandfire:armor_sapphire_helmet":1,"iceandfire:armor_sapphire_chestplate":1,"iceandfire:armor_sapphire_boots":1,"iceandfire:armor_sapphire_leggings":1},"minecraft:dropped":{"minecraft:dirt":1,"iceandfire:dragonscales_sapphire":20,"pvz_zengarden:zengarden_guide":1,"mca:book_romance":1,"alexsmobs:animal_dictionary":1,"mca:needle_and_thread":1,"minecraft:rotten_flesh":6,"minecraft:iron_pickaxe":1,"patchouli:guide_book":2}},"DataVersion":3465}