{"stats":{"minecraft:mined":{"minecraft:hay_block":9,"iceandfire:silver_ore":1,"minecraft:red_bed":1,"antlers:bloody_fox":2,"minecraft:grass":2,"travelersbackpack:iron_golem":1,"minecraft:grass_block":1,"minecraft:coal_ore":69,"minecraft:stone":1,"antlers:bloody_cow":2},"minecraft:used":{"simplyswords:diamond_katana":6,"minecraft:bread":8,"minecraft:iron_pickaxe":71,"travelersbackpack:iron_golem":3,"iceandfire:armor_sapphire_helmet":1,"iceandfire:armor_sapphire_boots":1,"iceandfire:armor_copper_chestplate":1,"minecraft:dirt":1,"minecraft:diamond_helmet":1,"iceandfire:armor_sapphire_leggings":1},"minecraft:custom":{"minecraft:time_since_rest":21357,"minecraft:interact_with_furnace":1,"minecraft:sprint_one_cm":86367,"minecraft:damage_taken":787,"minecraft:walk_one_cm":90456,"minecraft:mob_kills":1,"minecraft:drop":18,"minecraft:damage_dealt":222,"minecraft:open_barrel":14,"minecraft:interact_with_crafting_table":2,"minecraft:fly_one_cm":46656,"minecraft:open_chest":51,"minecraft:crouch_one_cm":190,"minecraft:play_time":53618,"minecraft:deaths":2,"minecraft:sneak_time":171,"minecraft:jump":291,"minecraft:leave_game":3,"minecraft:time_since_death":21253,"minecraft:walk_on_water_one_cm":176,"minecraft:total_world_time":53618,"minecraft:climb_one_cm":1319,"minecraft:interact_with_smoker":4,"minecraft:fall_one_cm":13649},"minecraft:picked_up":{"travelersbackpack:iron_golem":1,"simplyswords:diamond_katana":2,"patchouli:guide_book":1,"iceandfire:dragonscales_sapphire":64,"mca:needle_and_thread":2,"minecraft:dirt":1,"minecraft:red_bed":1,"minecraft:rotten_flesh":12,"minecraft:hay_block":9,"pvz_zengarden:zengarden_guide":1,"minecraft:iron_pickaxe":2,"minecraft:coal":66,"iceandfire:raw_silver":1},"minecraft:killed_by":{"minecraft:player":1},"minecraft:killed":{"alexsmobs:raccoon":1},"minecraft:crafted":{"iceandfire:armor_sapphire_helmet":1,"iceandfire:armor_sapphire_chestplate":1,"iceandfire:armor_sapphire_boots":1,"iceandfire:armor_sapphire_leggings":1},"minecraft:dropped":{"minecraft:dirt":1,"iceandfire:dragonscales_sapphire":20,"simplyswords:diamond_katana":2,"pvz_zengarden:zengarden_guide":1,"mca:book_romance":1,"alexsmobs:animal_dictionary":1,"mca:needle_and_thread":1,"minecraft:rotten_flesh":6,"minecraft:iron_pickaxe":2,"patchouli:guide_book":2}},"DataVersion":3465}