{"stats":{"minecraft:killed_by":{"minecraft:player":1,"iceandfire:fire_dragon":1},"minecraft:crafted":{"minecraft:oak_planks":72,"iceandfire:armor_sapphire_helmet":1,"minecraft:crafting_table":2,"iceandfire:armor_bronze_boots":1,"minecraft:bucket":1,"minecraft:stone_axe":1,"minecraft:bread":7,"minecraft:shield":1,"minecraft:stick":4,"minecraft:stone_pickaxe":1,"minecraft:chest":2,"iceandfire:armor_bronze_leggings":1,"minecraft:torch":12},"minecraft:mined":{"minecraft:scaffolding":1,"minecraft:red_bed":6,"minecraft:crafting_table":4,"minecraft:grass_block":3,"minecraft:jungle_planks":2,"minecraft:tall_grass":7,"minecraft:oak_planks":2,"minecraft:spawner":3,"minecraft:hay_block":10,"minecraft:coarse_dirt":1,"minecraft:fire":7,"minecraft:wheat":1,"minecraft:sweet_berry_bush":2,"minecraft:ice":1,"minecraft:spruce_log":13,"minecraft:jungle_fence":1,"minecraft:yellow_bed":2,"minecraft:grass":16,"minecraft:coal_ore":35,"minecraft:oak_log":18,"minecraft:cobweb":2,"minecraft:stone":28,"minecraft:oak_leaves":1},"minecraft:picked_up":{"minecraft:crafting_table":5,"minecraft:coarse_dirt":1,"minecraft:wheat":23,"croptopia:broccoli_seed":3,"minecraft:chicken":1,"croptopia:peach":6,"croptopia:broccoli":2,"minecraft:jungle_fence":1,"minecraft:wooden_pickaxe":1,"minecraft:oak_log":18,"minecraft:yellow_bed":2,"iceandfire:dragonscales_bronze":13,"iceandfire:armor_copper_chestplate":1,"minecraft:lantern":1,"minecraft:dirt":3,"minecraft:string":20,"minecraft:red_bed":6,"antlers:tomahawkitem":3,"minecraft:red_carpet":4,"minecraft:bone":2,"minecraft:apple":5,"minecraft:bow":1,"minecraft:wheat_seeds":92,"minecraft:gold_nugget":68,"minecraft:azalea":3,"iceandfire:fire_dragon_flesh":7,"minecraft:oak_planks":2,"iceandfire:pixie_dust":2,"minecraft:scaffolding":1,"minecraft:stick":7,"naturalist:duck":2,"minecraft:sweet_berries":13,"mca:comb":1,"iceandfire:dragonscales_sapphire":24,"iceandfire:ash":2,"minecraft:torch":2,"minecraft:jungle_planks":2,"mca:needle_and_thread":1,"minecraft:spruce_sapling":14,"born_in_chaos_v1:pieceofdarkmetal":6,"minecraft:spruce_log":13,"minecraft:spider_eye":1,"minecraft:rotten_flesh":4,"relics:horse_flute":1,"iceandfire:fire_dragon_heart":1,"minecraft:hay_block":9,"minecraft:iron_helmet":1,"pvz_zengarden:zengarden_guide":1,"minecraft:gold_ingot":13,"minecraft:oak_sapling":2,"minecraft:dark_oak_fence":2,"minecraft:coal":35,"minecraft:cobblestone":27},"minecraft:custom":{"minecraft:mob_kills":26,"minecraft:interact_with_crafting_table":12,"minecraft:open_barrel":98,"minecraft:damage_dealt_resisted":991,"minecraft:time_since_death":8207,"minecraft:sleep_in_bed":6,"minecraft:climb_one_cm":4606,"minecraft:time_since_rest":3922,"minecraft:sprint_one_cm":218814,"minecraft:damage_taken":3758,"minecraft:walk_one_cm":219832,"minecraft:damage_blocked_by_shield":96,"minecraft:drop":34,"minecraft:damage_dealt":5346,"minecraft:swim_one_cm":30115,"minecraft:fly_one_cm":462732,"minecraft:open_chest":84,"minecraft:crouch_one_cm":7970,"minecraft:play_time":94776,"minecraft:deaths":3,"minecraft:sneak_time":2514,"minecraft:walk_under_water_one_cm":9200,"minecraft:jump":2034,"minecraft:walk_on_water_one_cm":19361,"minecraft:total_world_time":94776,"minecraft:fall_one_cm":62077,"minecraft:horse_one_cm":796},"minecraft:dropped":{"minecraft:iron_sword":1,"minecraft:wheat_seeds":71,"minecraft:iron_helmet":3,"minecraft:rotten_flesh":4,"minecraft:iron_boots":2,"relics:horse_flute":1,"born_in_chaos_v1:pieceofdarkmetal":3,"relics:roller_skates":1,"mca:comb":1,"minecraft:azalea":3,"minecraft:iron_leggings":1,"mca:needle_and_thread":1,"minecraft:bow":1,"minecraft:stone_pickaxe":1,"minecraft:wooden_pickaxe":1,"minecraft:iron_pickaxe":1,"artifacts:feral_claws":1,"minecraft:scaffolding":1,"minecraft:string":2,"minecraft:spruce_sapling":14,"minecraft:bone":2},"minecraft:used":{"iceandfire:armor_bronze_boots":1,"minecraft:wheat_seeds":1,"minecraft:water_bucket":41,"iceandfire:fire_dragon_flesh":1,"minecraft:stone_pickaxe":14,"minecraft:jungle_fence":1,"minecraft:oak_planks":34,"minecraft:chest":2,"iceandfire:armor_sapphire_helmet":1,"minecraft:shield":8,"minecraft:wooden_pickaxe":2,"travelersbackpack:iron_golem":1,"minecraft:iron_sword":180,"minecraft:torch":5,"minecraft:dirt":3,"minecraft:crafting_table":6,"croptopia:broccoli":2,"minecraft:red_bed":6,"minecraft:jungle_planks":2,"minecraft:apple":5,"minecraft:lantern":1,"minecraft:bread":61,"minecraft:iron_pickaxe":60,"iceandfire:armor_bronze_leggings":1,"iceandfire:ash":2,"minecraft:stone_axe":17,"croptopia:peach":6,"minecraft:cobblestone":21,"minecraft:sweet_berries":3,"minecraft:oak_sapling":2,"minecraft:bucket":42,"minecraft:yellow_bed":2,"minecraft:coarse_dirt":1},"minecraft:killed":{"minecraft:cave_spider":2,"minecraft:spider":5,"born_in_chaos_v1:skeleton_thrasher_not_despawn":1,"naturalist:duck":2,"minecraft:creeper":1,"minecraft:skeleton":4,"iceandfire:fire_dragon":1,"minecraft:zombie":4,"minecraft:chicken":1,"minecraft:stray":1,"iceandfire:pixie":4}},"DataVersion":3465}