{"stats":{"minecraft:mined":{"minecraft:large_amethyst_bud":2,"minecraft:white_bed":1,"minecraft:warped_stairs":3,"minecraft:grass_block":3,"minecraft:spawner":5,"minecraft:iron_ore":12,"minecraft:fire":42,"lcm:circuitbeehive":1,"minecraft:deepslate_lapis_ore":12,"minecraft:sculk_shrieker":4,"create:limestone":4,"minecraft:green_bed":1,"iceandfire:chared_cobblestone":3,"minecraft:red_bed":6,"minecraft:soul_fire":10,"minecraft:amethyst_cluster":1,"minecraft:torch":13,"iceandfire:dragon_ice_spikes":6,"born_in_chaos_v1:infected_deepslate_diamond_ore":2,"minecraft:calcite":1,"minecraft:oak_planks":8,"minecraft:wall_torch":5,"minecraft:warped_planks":6,"minecraft:wheat":1,"minecraft:blue_ice":4,"minecraft:lilac":1,"minecraft:tnt":3,"minecraft:grass":33,"minecraft:oak_log":35,"minecraft:oak_leaves":8,"minecraft:deepslate":39,"iceandfire:chared_stone":1,"minecraft:deepslate_tiles":8,"alexscaves:spelunkery_table":3,"minecraft:diamond_ore":5,"minecraft:tuff":3,"minecraft:deepslate_diamond_ore":30,"minecraft:candle":1,"antlers:bloody_fox":1,"iceandfire:frozen_cobblestone":31,"iceandfire:frozen_stone":22,"minecraft:jungle_planks":2,"minecraft:large_fern":1,"minecraft:hay_block":10,"minecraft:andesite":9,"minecraft:stripped_spruce_log":4,"minecraft:gold_block":1,"minecraft:polished_deepslate":7,"minecraft:bookshelf":8,"minecraft:deepslate_iron_ore":4,"minecraft:white_tulip":1,"minecraft:stone":31,"minecraft:scaffolding":1,"minecraft:crafting_table":5,"alexscaves:flytrap":1,"minecraft:tall_grass":9,"minecraft:lapis_ore":1,"minecraft:deepslate_gold_ore":2,"minecraft:sculk":5,"minecraft:coarse_dirt":1,"minecraft:sweet_berry_bush":2,"minecraft:ice":1,"minecraft:spruce_log":13,"minecraft:jungle_fence":1,"minecraft:yellow_bed":2,"minecraft:coal_ore":82,"minecraft:gravel":4,"minecraft:cobweb":8},"minecraft:custom":{"minecraft:animals_bred":3,"minecraft:interact_with_crafting_table":47,"minecraft:open_barrel":139,"minecraft:leave_game":2,"minecraft:time_since_death":142037,"minecraft:damage_resisted":2,"minecraft:sprint_one_cm":608130,"minecraft:damage_blocked_by_shield":96,"minecraft:drop":127,"minecraft:play_time":329206,"minecraft:deaths":6,"minecraft:jump":5989,"minecraft:interact_with_brewingstand":1,"minecraft:walk_on_water_one_cm":60568,"minecraft:interact_with_furnace":1,"minecraft:interact_with_loom":61,"minecraft:sleep_in_bed":16,"minecraft:damage_dealt":21356,"minecraft:crouch_one_cm":17932,"minecraft:interact_with_smoker":5,"minecraft:horse_one_cm":796,"minecraft:mob_kills":102,"minecraft:damage_dealt_resisted":5978,"minecraft:climb_one_cm":8595,"minecraft:walk_one_cm":559106,"minecraft:damage_dealt_absorbed":300,"minecraft:sneak_time":7705,"minecraft:walk_under_water_one_cm":24686,"minecraft:total_world_time":329206,"minecraft:tune_noteblock":6,"minecraft:interact_with_grindstone":1,"minecraft:time_since_rest":12048,"minecraft:damage_taken":9484,"minecraft:damage_absorbed":46,"minecraft:swim_one_cm":43938,"minecraft:fly_one_cm":1608890,"minecraft:open_chest":473,"minecraft:fall_one_cm":185580},"minecraft:used":{"iceandfire:lectern":1,"minecraft:polished_deepslate":7,"iceandfire:dragon_skull_ice":1,"minecraft:chest":5,"minecraft:shield":8,"minecraft:iron_sword":314,"croptopia:broccoli":2,"minecraft:jungle_planks":2,"iceandfire:frozen_stone":16,"minecraft:lava_bucket":6,"minecraft:lantern":1,"minecraft:item_frame":8,"croptopia:peach":6,"minecraft:bow":1,"minecraft:sweet_berries":3,"minecraft:oak_sapling":2,"iceandfire:frozen_cobblestone":15,"iceandfire:armor_bronze_boots":1,"minecraft:stone_pickaxe":14,"minecraft:jungle_fence":1,"minecraft:oak_planks":35,"minecraft:wooden_pickaxe":2,"travelersbackpack:iron_golem":5,"iceandfire:armor_sapphire_boots":2,"minecraft:golden_apple":1,"alexscaves:cave_book":1,"minecraft:deepslate_tiles":8,"minecraft:bread":124,"iceandfire:ice_dragon_flesh":1,"minecraft:gravel":10,"create:asurine":4,"minecraft:diamond_sword":238,"iceandfire:dragon_skull_fire":1,"minecraft:andesite":8,"minecraft:coarse_dirt":1,"minecraft:oak_fence":1,"create:limestone":4,"minecraft:torch":83,"minecraft:dirt":3,"iceandfire:dragonegg_sapphire":1,"iceandfire:armor_bronze_leggings":1,"alexscaves:spelunkery_table":5,"iceandfire:armor_green_boots":1,"minecraft:cooked_beef":1,"minecraft:cobbled_deepslate":16,"minecraft:enchanted_golden_apple":1,"minecraft:wheat_seeds":1,"minecraft:water_bucket":93,"iceandfire:fire_dragon_flesh":9,"minecraft:baked_potato":3,"iceandfire:armor_sapphire_helmet":1,"minecraft:green_bed":1,"iceandfire:dragon_skull_lightning":1,"minecraft:crafting_table":7,"minecraft:red_bed":6,"minecraft:white_bed":2,"minecraft:smoker":1,"minecraft:oak_log":1,"minecraft:diamond_pickaxe":139,"minecraft:cornflower":1,"minecraft:apple":5,"minecraft:iron_pickaxe":199,"iceandfire:ash":2,"minecraft:stone_axe":54,"minecraft:cobblestone":21,"minecraft:cooked_porkchop":9,"minecraft:bucket":99,"minecraft:yellow_bed":2},"minecraft:picked_up":{"minecraft:wheat":23,"croptopia:broccoli":2,"alexscaves:cave_tablet":3,"minecraft:warped_stairs":2,"minecraft:polished_deepslate":7,"born_in_chaos_v1:black_argillite":1,"minecraft:string":27,"iceandfire:armor_copper_chestplate":2,"minecraft:raw_copper":13,"create:limestone":4,"minecraft:deepslate_tiles":8,"reliquary:zombie_heart":1,"minecraft:gold_nugget":206,"minecraft:cobbled_deepslate":37,"minecraft:white_tulip":1,"minecraft:calcite":1,"minecraft:azalea":3,"minecraft:iron_pickaxe":3,"hangglider:hang_glider":1,"born_in_chaos_v1:stimulating_decoction":3,"alexscaves:flytrap":1,"minecraft:tipped_arrow":1,"iceandfire:pixie_dust":2,"minecraft:stick":12,"minecraft:oak_fence":1,"minecraft:torch":63,"minecraft:green_bed":1,"minecraft:warped_planks":5,"minecraft:rotten_flesh":24,"iceandfire:dragonegg_bronze":1,"relics:horse_flute":1,"iceandfire:fire_dragon_heart":1,"create:asurine":10,"minecraft:blaze_powder":1,"minecraft:cobblestone":30,"travelersbackpack:iron_golem":1,"minecraft:leather_chestplate":1,"minecraft:lilac":1,"croptopia:broccoli_seed":3,"born_in_chaos_v1:spiritual_dust":2,"minecraft:water_bucket":1,"minecraft:andesite":10,"iceandfire:armor_green_boots":1,"iceandfire:dragonegg_sapphire":1,"antlers:tomahawkitem":98,"minecraft:lapis_lazuli":69,"minecraft:dirt":3,"iceandfire:dragonscales_bronze":13,"minecraft:lantern":1,"born_in_chaos_v1:monster_skin":1,"minecraft:bone":27,"minecraft:bow":3,"minecraft:wheat_seeds":97,"minecraft:raw_gold":2,"minecraft:oak_planks":9,"minecraft:ghast_tear":1,"minecraft:cooked_porkchop":13,"mca:comb":1,"iceandfire:dragonscales_sapphire":24,"mca:needle_and_thread":1,"iceandfire:dragon_skull_fire":1,"minecraft:jungle_planks":2,"minecraft:stripped_spruce_log":4,"iceandfire:armor_sapphire_helmet":1,"iceandfire:chared_cobblestone":3,"minecraft:diamond":35,"minecraft:bread":41,"minecraft:emerald":6,"minecraft:oak_sapling":11,"iceandfire:silver_nugget":112,"minecraft:dark_oak_fence":2,"minecraft:diamond_pickaxe":1,"iceandfire:dragon_skull_lightning":1,"minecraft:coarse_dirt":1,"born_in_chaos_v1:diamond_termite_shard":3,"minecraft:crafting_table":6,"minecraft:chicken":1,"croptopia:peach":6,"born_in_chaos_v1:seedof_chaos":1,"simplyswords:diamond_katana":1,"minecraft:wooden_pickaxe":1,"minecraft:gold_block":1,"iceandfire:frozen_cobblestone":27,"minecraft:shield":3,"minecraft:cornflower":1,"iceandfire:frozen_stone":20,"minecraft:red_bed":6,"relics:leather_belt":1,"minecraft:moss_carpet":2,"artifacts:feral_claws":1,"minecraft:item_frame":9,"iceandfire:bestiary":2,"minecraft:candle":2,"minecraft:beef":3,"iceandfire:ice_dragon_heart":2,"minecraft:raw_iron":16,"iceandfire:dragonscales_gray":12,"iceandfire:dragonbone":20,"naturalist:duck":2,"reliquary:rib_bone":1,"minecraft:stone_button":1,"botania:pink_mushroom":1,"born_in_chaos_v1:pieceofdarkmetal":7,"minecraft:redstone":1,"minecraft:tnt":3,"minecraft:arrow":10,"iceandfire:dragonscales_silver":31,"pvz_zengarden:zengarden_guide":1,"minecraft:hay_block":9,"alexscaves:spelunkery_table":4,"iceandfire:armor_sapphire_boots":1,"minecraft:gold_ingot":13,"minecraft:rail":3,"born_in_chaos_v1:fused_bone":1,"born_in_chaos_v1:corpse_maggot":3,"minecraft:leather":4,"minecraft:jungle_fence":1,"minecraft:oak_log":34,"iceandfire:armor_bronze_leggings":1,"artifacts:superstitious_hat":1,"iceandfire:dragonegg_gray":1,"minecraft:yellow_bed":2,"minecraft:gunpowder":1,"iceandfire:dragonscales_blue":6,"minecraft:paper":11,"minecraft:red_carpet":4,"minecraft:apple":21,"minecraft:iron_ingot":51,"minecraft:iron_sword":1,"iceandfire:fire_dragon_flesh":17,"minecraft:book":27,"minecraft:scaffolding":1,"minecraft:sweet_berries":13,"iceandfire:ash":2,"minecraft:gravel":12,"minecraft:amethyst_shard":10,"minecraft:spruce_sapling":14,"minecraft:white_bed":1,"minecraft:spruce_log":30,"minecraft:spider_eye":2,"minecraft:leather_helmet":1,"arphex:fly_appendage":1,"minecraft:stone_axe":1,"minecraft:iron_helmet":1,"iceandfire:ice_dragon_flesh":28,"alexscaves:cave_map":1,"minecraft:coal":82},"minecraft:broken":{"minecraft:iron_sword":1},"minecraft:killed_by":{"iceandfire:ice_dragon":1,"iceandfire:fire_dragon":1,"minecraft:player":1},"minecraft:killed":{"born_in_chaos_v1:zombie_clown":1,"minecraft:cave_spider":2,"born_in_chaos_v1:skeleton_demoman":1,"minecraft:spider":7,"born_in_chaos_v1:baby_skeleton_minion":2,"minecraft:skeleton":12,"minecraft:chicken":1,"born_in_chaos_v1:skeleton_thrasher":1,"born_in_chaos_v1:bonescaller":1,"born_in_chaos_v1:diamond_termite":3,"minecraft:creeper":1,"minecraft:zombie":13,"born_in_chaos_v1:dread_hound":1,"born_in_chaos_v1:corpse_fly":6,"minecraft:stray":2,"iceandfire:pixie":4,"cave_dweller:cave_dweller":3,"born_in_chaos_v1:door_knight":1,"minecraft:cow":2,"alexscaves:vallumraptor":3,"alexsmobs:raccoon":1,"born_in_chaos_v1:skeleton_thrasher_not_despawn":1,"naturalist:duck":2,"born_in_chaos_v1:zombie_bruiser":1,"born_in_chaos_v1:maggot":2,"born_in_chaos_v1:dire_hound_leader":1,"iceandfire:fire_dragon":2,"arphex:long_legs_fly":1,"lcm:circuit_bee":7,"born_in_chaos_v1:spiritof_chaos":1,"born_in_chaos_v1:swarmer":1,"majruszsdifficulty:cursed_armor":1,"born_in_chaos_v1:decrepit_skeleton":2,"born_in_chaos_v1:bloody_gadfly":1,"born_in_chaos_v1:decaying_zombie":1,"iceandfire:ice_dragon":1,"lcm:eyeless_dog":1},"minecraft:crafted":{"minecraft:oak_planks":132,"hangglider:hang_glider":1,"iceandfire:lectern":1,"minecraft:bookshelf":14,"minecraft:chest":4,"iceandfire:armor_sapphire_helmet":1,"minecraft:cooked_porkchop":7,"minecraft:diamond_axe":1,"minecraft:crafting_table":2,"minecraft:spruce_planks":84,"minecraft:shield":1,"minecraft:stick":76,"iceandfire:armor_sapphire_boots":1,"hangglider:glider_framework":1,"iceandfire:armor_green_leggings":1,"minecraft:iron_nugget":72,"iceandfire:dragon_stick":1,"iceandfire:dragon_flute":1,"hangglider:glider_wing":2,"alexscaves:cave_map":1,"antlers:tomahawkitem":160,"minecraft:stone_pickaxe":1,"iceandfire:dragon_meal":12,"iceandfire:armor_bronze_boots":1,"minecraft:bucket":1,"minecraft:stone_axe":1,"minecraft:bread":7,"minecraft:air":0,"iceandfire:bestiary":1,"iceandfire:armor_bronze_leggings":1,"minecraft:torch":88},"minecraft:dropped":{"minecraft:iron_sword":1,"minecraft:candle":2,"minecraft:diamond":5,"minecraft:cooked_porkchop":8,"iceandfire:ice_dragon_flesh":6,"iceandfire:fire_dragon_flesh":2,"relics:horse_flute":1,"born_in_chaos_v1:pieceofdarkmetal":3,"minecraft:rail":3,"minecraft:stone_button":1,"mca:comb":2,"born_in_chaos_v1:monster_skin":1,"alexscaves:cave_map":1,"minecraft:iron_pickaxe":2,"minecraft:bone":3,"minecraft:gravel":2,"minecraft:rotten_flesh":17,"minecraft:oak_planks":1,"minecraft:enchanted_golden_apple":1,"iceandfire:dragonegg_bronze":1,"iceandfire:frozen_stone":2,"create:asurine":6,"minecraft:warped_planks":1,"simplyswords:diamond_katana":1,"alexscaves:cave_book":1,"born_in_chaos_v1:corpse_maggot":3,"minecraft:azalea":3,"iceandfire:bestiary":2,"iceandfire:dragon_meal":1,"minecraft:scaffolding":1,"reliquary:zombie_heart":1,"minecraft:iron_ingot":7,"iceandfire:dragonscales_sapphire":14,"minecraft:wheat_seeds":74,"iceandfire:armor_green_leggings":1,"iceandfire:dragonscales_green":7,"minecraft:iron_helmet":3,"antlers:tomahawkitem":65,"relics:roller_skates":1,"minecraft:torch":15,"minecraft:iron_leggings":1,"artifacts:feral_claws":1,"minecraft:paper":2,"minecraft:string":6,"minecraft:spruce_sapling":14,"iceandfire:dragonegg_gray":1,"iceandfire:dragonbone":4,"iceandfire:frozen_cobblestone":8,"minecraft:moss_carpet":2,"minecraft:raw_copper":3,"minecraft:raw_iron":1,"iceandfire:armor_bronze_boots":1,"minecraft:iron_boots":2,"botania:pink_mushroom":1,"minecraft:diamond_sword":1,"minecraft:diamond_chestplate":1,"minecraft:andesite":1,"minecraft:oak_sapling":5,"mca:needle_and_thread":2,"minecraft:bow":2,"minecraft:stone_pickaxe":1,"minecraft:wooden_pickaxe":1,"minecraft:calcite":1}},"DataVersion":3465}