{"stats":{"minecraft:crafted":{"minecraft:oak_planks":24,"minecraft:stick":4,"minecraft:stone_pickaxe":1,"minecraft:stone_axe":1,"minecraft:bread":7},"minecraft:mined":{"minecraft:hay_block":10,"minecraft:scaffolding":1,"minecraft:coarse_dirt":1,"minecraft:red_bed":1,"minecraft:wheat":1,"minecraft:yellow_bed":2,"minecraft:crafting_table":1,"minecraft:grass":6,"minecraft:oak_log":18,"minecraft:cobweb":1,"minecraft:tall_grass":2,"minecraft:stone":12},"minecraft:picked_up":{"minecraft:scaffolding":1,"minecraft:coarse_dirt":1,"minecraft:stick":4,"minecraft:crafting_table":2,"minecraft:wheat":23,"minecraft:chicken":1,"mca:comb":1,"croptopia:peach":6,"minecraft:wooden_pickaxe":1,"mca:needle_and_thread":1,"minecraft:oak_log":18,"minecraft:yellow_bed":2,"minecraft:string":1,"minecraft:red_bed":1,"minecraft:apple":5,"minecraft:wheat_seeds":68,"minecraft:hay_block":9,"pvz_zengarden:zengarden_guide":1,"minecraft:azalea":3,"minecraft:oak_sapling":2,"minecraft:cobblestone":12},"minecraft:dropped":{"minecraft:wheat_seeds":66,"mca:comb":1,"minecraft:azalea":3,"mca:needle_and_thread":1,"minecraft:wooden_pickaxe":1},"minecraft:custom":{"minecraft:time_since_rest":16777,"minecraft:sprint_one_cm":22275,"minecraft:damage_taken":95,"minecraft:walk_one_cm":46544,"minecraft:mob_kills":1,"minecraft:drop":6,"minecraft:damage_dealt":100,"minecraft:interact_with_crafting_table":5,"minecraft:fly_one_cm":21416,"minecraft:open_barrel":14,"minecraft:open_chest":5,"minecraft:crouch_one_cm":274,"minecraft:play_time":16777,"minecraft:sneak_time":316,"minecraft:jump":166,"minecraft:walk_on_water_one_cm":257,"minecraft:time_since_death":16777,"minecraft:climb_one_cm":515,"minecraft:total_world_time":16777,"minecraft:fall_one_cm":4626},"minecraft:used":{"minecraft:wheat_seeds":1,"minecraft:apple":3,"minecraft:stone_pickaxe":14,"minecraft:wooden_pickaxe":2,"minecraft:iron_sword":8,"minecraft:stone_axe":2,"croptopia:peach":6,"minecraft:crafting_table":1,"minecraft:oak_sapling":2,"minecraft:yellow_bed":2},"minecraft:killed":{"minecraft:chicken":1}},"DataVersion":3465}