{"stats":{"minecraft:killed_by":{"minecraft:player":1},"minecraft:crafted":{"minecraft:oak_planks":40,"minecraft:bucket":1,"minecraft:stone_axe":1,"minecraft:bread":7,"minecraft:shield":1,"minecraft:stick":4,"minecraft:stone_pickaxe":1},"minecraft:mined":{"minecraft:scaffolding":1,"minecraft:red_bed":5,"minecraft:crafting_table":2,"minecraft:grass_block":3,"minecraft:jungle_planks":2,"minecraft:tall_grass":4,"minecraft:oak_planks":2,"minecraft:spawner":3,"minecraft:hay_block":10,"minecraft:coarse_dirt":1,"minecraft:wheat":1,"minecraft:sweet_berry_bush":2,"minecraft:spruce_log":13,"minecraft:jungle_fence":1,"minecraft:yellow_bed":2,"minecraft:grass":8,"minecraft:coal_ore":24,"minecraft:oak_log":18,"minecraft:cobweb":2,"minecraft:stone":27,"minecraft:oak_leaves":1},"minecraft:picked_up":{"minecraft:crafting_table":3,"minecraft:coarse_dirt":1,"minecraft:wheat":23,"minecraft:chicken":1,"croptopia:peach":6,"minecraft:jungle_fence":1,"minecraft:wooden_pickaxe":1,"minecraft:oak_log":18,"minecraft:yellow_bed":2,"iceandfire:armor_copper_chestplate":1,"minecraft:lantern":1,"minecraft:dirt":3,"minecraft:string":20,"minecraft:red_bed":5,"antlers:tomahawkitem":1,"minecraft:red_carpet":4,"minecraft:bone":2,"minecraft:apple":5,"minecraft:bow":1,"minecraft:wheat_seeds":69,"minecraft:azalea":3,"minecraft:oak_planks":2,"iceandfire:pixie_dust":2,"minecraft:scaffolding":1,"minecraft:stick":7,"naturalist:duck":2,"minecraft:sweet_berries":13,"mca:comb":1,"minecraft:jungle_planks":2,"mca:needle_and_thread":1,"minecraft:spruce_sapling":14,"born_in_chaos_v1:pieceofdarkmetal":6,"minecraft:spruce_log":13,"minecraft:spider_eye":1,"minecraft:rotten_flesh":4,"minecraft:hay_block":9,"minecraft:iron_helmet":1,"pvz_zengarden:zengarden_guide":1,"minecraft:gold_ingot":13,"minecraft:oak_sapling":2,"minecraft:dark_oak_fence":2,"minecraft:coal":24,"minecraft:cobblestone":26},"minecraft:custom":{"minecraft:mob_kills":23,"minecraft:interact_with_crafting_table":7,"minecraft:open_barrel":94,"minecraft:damage_dealt_resisted":991,"minecraft:time_since_death":44606,"minecraft:sleep_in_bed":4,"minecraft:climb_one_cm":4606,"minecraft:time_since_rest":9106,"minecraft:sprint_one_cm":169371,"minecraft:damage_taken":2181,"minecraft:walk_one_cm":180283,"minecraft:drop":25,"minecraft:damage_dealt":3687,"minecraft:swim_one_cm":21129,"minecraft:fly_one_cm":287019,"minecraft:open_chest":52,"minecraft:crouch_one_cm":5486,"minecraft:play_time":70777,"minecraft:deaths":1,"minecraft:sneak_time":1645,"minecraft:walk_under_water_one_cm":7528,"minecraft:jump":1353,"minecraft:walk_on_water_one_cm":10763,"minecraft:total_world_time":70777,"minecraft:fall_one_cm":40741,"minecraft:horse_one_cm":796},"minecraft:dropped":{"minecraft:iron_sword":1,"minecraft:wheat_seeds":66,"minecraft:iron_helmet":2,"minecraft:rotten_flesh":4,"minecraft:iron_boots":1,"born_in_chaos_v1:pieceofdarkmetal":3,"relics:roller_skates":1,"mca:comb":1,"minecraft:azalea":3,"mca:needle_and_thread":1,"minecraft:bow":1,"minecraft:stone_pickaxe":1,"minecraft:wooden_pickaxe":1,"minecraft:iron_pickaxe":1,"artifacts:feral_claws":1,"minecraft:scaffolding":1,"minecraft:string":2,"minecraft:spruce_sapling":14,"minecraft:bone":2},"minecraft:used":{"minecraft:wheat_seeds":1,"minecraft:water_bucket":26,"minecraft:stone_pickaxe":14,"minecraft:jungle_fence":1,"minecraft:oak_planks":34,"minecraft:wooden_pickaxe":2,"minecraft:iron_sword":140,"minecraft:dirt":3,"minecraft:crafting_table":3,"minecraft:red_bed":4,"minecraft:jungle_planks":2,"minecraft:apple":5,"minecraft:bread":41,"minecraft:iron_pickaxe":48,"minecraft:stone_axe":14,"croptopia:peach":6,"minecraft:cobblestone":21,"minecraft:sweet_berries":3,"minecraft:oak_sapling":2,"minecraft:bucket":27,"minecraft:yellow_bed":2,"minecraft:coarse_dirt":1},"minecraft:killed":{"minecraft:cave_spider":2,"minecraft:spider":5,"born_in_chaos_v1:skeleton_thrasher_not_despawn":1,"naturalist:duck":2,"minecraft:skeleton":3,"minecraft:zombie":4,"minecraft:chicken":1,"minecraft:stray":1,"iceandfire:pixie":4}},"DataVersion":3465}