{"stats":{"minecraft:crafted":{"hangglider:glider_framework":1,"minecraft:oak_planks":72,"iceandfire:armor_green_leggings":1,"hangglider:hang_glider":1,"hangglider:glider_wing":2,"minecraft:stone_pickaxe":1,"minecraft:chest":2,"iceandfire:armor_sapphire_helmet":1,"minecraft:cooked_porkchop":7,"minecraft:crafting_table":2,"iceandfire:armor_bronze_boots":1,"minecraft:bucket":1,"minecraft:stone_axe":1,"minecraft:bread":7,"minecraft:air":0,"minecraft:shield":1,"minecraft:stick":4,"iceandfire:armor_sapphire_boots":1,"iceandfire:armor_bronze_leggings":1,"minecraft:torch":60},"minecraft:broken":{"minecraft:iron_sword":1},"minecraft:dropped":{"minecraft:iron_ingot":7,"minecraft:iron_sword":1,"iceandfire:dragonscales_sapphire":14,"minecraft:candle":2,"minecraft:wheat_seeds":72,"iceandfire:armor_green_leggings":1,"minecraft:diamond":5,"iceandfire:dragonscales_green":7,"minecraft:cooked_porkchop":8,"minecraft:iron_helmet":3,"antlers:tomahawkitem":1,"relics:horse_flute":1,"born_in_chaos_v1:pieceofdarkmetal":3,"relics:roller_skates":1,"mca:comb":2,"born_in_chaos_v1:monster_skin":1,"minecraft:iron_leggings":1,"minecraft:iron_pickaxe":1,"artifacts:feral_claws":1,"minecraft:string":2,"minecraft:spruce_sapling":14,"minecraft:bone":2,"iceandfire:armor_bronze_boots":1,"minecraft:rotten_flesh":8,"minecraft:iron_boots":2,"alexscaves:cave_book":1,"born_in_chaos_v1:corpse_maggot":1,"minecraft:azalea":3,"mca:needle_and_thread":2,"minecraft:bow":1,"minecraft:stone_pickaxe":1,"minecraft:wooden_pickaxe":1,"minecraft:calcite":1,"minecraft:scaffolding":1},"minecraft:custom":{"minecraft:mob_kills":46,"minecraft:animals_bred":3,"minecraft:interact_with_crafting_table":16,"minecraft:open_barrel":112,"minecraft:damage_dealt_resisted":2503,"minecraft:leave_game":1,"minecraft:time_since_death":30845,"minecraft:climb_one_cm":8114,"minecraft:sprint_one_cm":368467,"minecraft:walk_one_cm":314579,"minecraft:damage_blocked_by_shield":96,"minecraft:drop":66,"minecraft:play_time":169773,"minecraft:deaths":5,"minecraft:sneak_time":5208,"minecraft:walk_under_water_one_cm":13335,"minecraft:jump":3552,"minecraft:walk_on_water_one_cm":27249,"minecraft:total_world_time":169773,"minecraft:tune_noteblock":6,"minecraft:interact_with_loom":1,"minecraft:sleep_in_bed":10,"minecraft:time_since_rest":30877,"minecraft:damage_taken":6421,"minecraft:damage_dealt":9675,"minecraft:swim_one_cm":39373,"minecraft:fly_one_cm":935786,"minecraft:open_chest":140,"minecraft:crouch_one_cm":13360,"minecraft:interact_with_smoker":4,"minecraft:fall_one_cm":129681,"minecraft:horse_one_cm":796},"minecraft:picked_up":{"minecraft:crafting_table":6,"minecraft:coarse_dirt":1,"minecraft:wheat":23,"minecraft:chicken":1,"croptopia:peach":6,"born_in_chaos_v1:seedof_chaos":1,"croptopia:broccoli":2,"minecraft:wooden_pickaxe":1,"minecraft:shield":1,"minecraft:polished_deepslate":7,"minecraft:red_bed":6,"minecraft:string":20,"iceandfire:armor_copper_chestplate":1,"create:limestone":4,"minecraft:deepslate_tiles":8,"minecraft:candle":2,"minecraft:gold_nugget":68,"minecraft:cobbled_deepslate":10,"minecraft:beef":3,"minecraft:calcite":1,"minecraft:azalea":3,"minecraft:tipped_arrow":1,"iceandfire:pixie_dust":2,"minecraft:raw_iron":13,"minecraft:stick":12,"naturalist:duck":2,"minecraft:torch":3,"born_in_chaos_v1:pieceofdarkmetal":6,"minecraft:tnt":3,"minecraft:arrow":5,"minecraft:rotten_flesh":8,"relics:horse_flute":1,"pvz_zengarden:zengarden_guide":1,"minecraft:hay_block":9,"iceandfire:fire_dragon_heart":1,"minecraft:gold_ingot":13,"minecraft:cobblestone":30,"born_in_chaos_v1:fused_bone":1,"born_in_chaos_v1:corpse_maggot":1,"croptopia:broccoli_seed":3,"born_in_chaos_v1:spiritual_dust":2,"minecraft:leather":4,"minecraft:jungle_fence":1,"iceandfire:armor_green_boots":1,"minecraft:oak_log":28,"minecraft:yellow_bed":2,"minecraft:lapis_lazuli":9,"antlers:tomahawkitem":3,"minecraft:dirt":3,"iceandfire:dragonscales_bronze":13,"minecraft:lantern":1,"born_in_chaos_v1:monster_skin":1,"minecraft:red_carpet":4,"minecraft:bone":14,"minecraft:apple":5,"minecraft:bow":1,"minecraft:wheat_seeds":93,"iceandfire:fire_dragon_flesh":7,"minecraft:oak_planks":6,"minecraft:book":24,"minecraft:scaffolding":1,"minecraft:cooked_porkchop":11,"minecraft:sweet_berries":13,"mca:comb":1,"iceandfire:ash":2,"iceandfire:dragonscales_sapphire":24,"mca:needle_and_thread":1,"minecraft:jungle_planks":2,"minecraft:spruce_sapling":14,"minecraft:spruce_log":13,"minecraft:spider_eye":2,"minecraft:diamond":24,"minecraft:iron_helmet":1,"minecraft:oak_sapling":6,"minecraft:dark_oak_fence":2,"minecraft:coal":68},"minecraft:killed_by":{"minecraft:player":1,"iceandfire:fire_dragon":1},"minecraft:used":{"create:limestone":4,"minecraft:chest":2,"minecraft:shield":8,"minecraft:iron_sword":294,"minecraft:torch":20,"minecraft:dirt":3,"croptopia:broccoli":2,"minecraft:jungle_planks":2,"minecraft:lantern":1,"iceandfire:armor_bronze_leggings":1,"croptopia:peach":6,"minecraft:sweet_berries":3,"minecraft:oak_sapling":2,"iceandfire:armor_green_boots":1,"minecraft:cobbled_deepslate":5,"iceandfire:armor_bronze_boots":1,"minecraft:wheat_seeds":1,"minecraft:water_bucket":50,"iceandfire:fire_dragon_flesh":1,"minecraft:stone_pickaxe":14,"minecraft:jungle_fence":1,"minecraft:oak_planks":35,"minecraft:wooden_pickaxe":2,"travelersbackpack:iron_golem":5,"iceandfire:armor_sapphire_helmet":1,"iceandfire:armor_sapphire_boots":2,"minecraft:crafting_table":7,"minecraft:red_bed":6,"alexscaves:cave_book":1,"minecraft:smoker":1,"minecraft:oak_log":1,"minecraft:apple":5,"minecraft:bread":79,"minecraft:iron_pickaxe":184,"iceandfire:ash":2,"minecraft:stone_axe":50,"minecraft:cobblestone":21,"minecraft:cooked_porkchop":8,"minecraft:bucket":51,"minecraft:yellow_bed":2,"minecraft:coarse_dirt":1},"minecraft:killed":{"minecraft:cave_spider":2,"alexsmobs:raccoon":1,"minecraft:spider":6,"born_in_chaos_v1:skeleton_thrasher_not_despawn":1,"naturalist:duck":2,"born_in_chaos_v1:baby_skeleton_minion":2,"born_in_chaos_v1:maggot":1,"minecraft:skeleton":7,"born_in_chaos_v1:dire_hound_leader":1,"iceandfire:fire_dragon":1,"minecraft:chicken":1,"born_in_chaos_v1:skeleton_thrasher":1,"born_in_chaos_v1:bonescaller":1,"minecraft:creeper":1,"born_in_chaos_v1:dread_hound":1,"minecraft:zombie":7,"born_in_chaos_v1:corpse_fly":1,"minecraft:stray":2,"iceandfire:pixie":4,"lcm:eyeless_dog":1,"minecraft:cow":2},"minecraft:mined":{"minecraft:deepslate_tiles":8,"minecraft:tuff":3,"minecraft:deepslate_diamond_ore":24,"minecraft:candle":1,"minecraft:grass_block":3,"minecraft:jungle_planks":2,"minecraft:spawner":4,"minecraft:hay_block":10,"minecraft:iron_ore":9,"minecraft:fire":7,"minecraft:deepslate_lapis_ore":3,"minecraft:polished_deepslate":7,"minecraft:sculk_shrieker":3,"minecraft:bookshelf":8,"minecraft:deepslate_iron_ore":4,"minecraft:stone":31,"create:limestone":4,"minecraft:scaffolding":1,"minecraft:red_bed":6,"minecraft:soul_fire":3,"minecraft:crafting_table":5,"minecraft:calcite":1,"minecraft:tall_grass":8,"minecraft:oak_planks":6,"minecraft:sculk":5,"minecraft:wall_torch":1,"minecraft:coarse_dirt":1,"minecraft:blue_ice":4,"minecraft:sweet_berry_bush":2,"minecraft:wheat":1,"minecraft:ice":1,"minecraft:spruce_log":13,"minecraft:tnt":3,"minecraft:jungle_fence":1,"minecraft:yellow_bed":2,"minecraft:grass":21,"minecraft:coal_ore":69,"minecraft:oak_log":29,"minecraft:cobweb":2,"minecraft:deepslate":18,"minecraft:oak_leaves":1}},"DataVersion":3465}