{"stats":{"minecraft:crafted":{"hangglider:glider_framework":1,"minecraft:oak_planks":72,"iceandfire:armor_green_leggings":1,"minecraft:iron_nugget":72,"hangglider:hang_glider":1,"hangglider:glider_wing":2,"antlers:tomahawkitem":120,"minecraft:stone_pickaxe":1,"minecraft:chest":4,"iceandfire:armor_sapphire_helmet":1,"minecraft:cooked_porkchop":7,"minecraft:spruce_planks":36,"minecraft:crafting_table":2,"iceandfire:armor_bronze_boots":1,"minecraft:bucket":1,"minecraft:stone_axe":1,"minecraft:bread":7,"minecraft:air":0,"minecraft:shield":1,"minecraft:stick":44,"iceandfire:armor_sapphire_boots":1,"iceandfire:armor_bronze_leggings":1,"minecraft:torch":60},"minecraft:broken":{"minecraft:iron_sword":1},"minecraft:dropped":{"minecraft:iron_ingot":7,"minecraft:iron_sword":1,"iceandfire:dragonscales_sapphire":14,"minecraft:candle":2,"minecraft:wheat_seeds":72,"iceandfire:armor_green_leggings":1,"minecraft:diamond":5,"iceandfire:dragonscales_green":7,"minecraft:cooked_porkchop":8,"minecraft:iron_helmet":3,"antlers:tomahawkitem":65,"relics:horse_flute":1,"born_in_chaos_v1:pieceofdarkmetal":3,"relics:roller_skates":1,"minecraft:torch":15,"mca:comb":2,"born_in_chaos_v1:monster_skin":1,"minecraft:iron_leggings":1,"minecraft:iron_pickaxe":2,"artifacts:feral_claws":1,"minecraft:paper":2,"minecraft:string":2,"minecraft:spruce_sapling":14,"iceandfire:frozen_cobblestone":8,"minecraft:bone":2,"iceandfire:armor_bronze_boots":1,"minecraft:rotten_flesh":11,"minecraft:iron_boots":2,"iceandfire:frozen_stone":2,"minecraft:diamond_sword":1,"simplyswords:diamond_katana":1,"alexscaves:cave_book":1,"minecraft:diamond_chestplate":1,"minecraft:andesite":1,"born_in_chaos_v1:corpse_maggot":2,"minecraft:azalea":3,"mca:needle_and_thread":2,"minecraft:bow":1,"minecraft:stone_pickaxe":1,"minecraft:wooden_pickaxe":1,"minecraft:calcite":1,"minecraft:scaffolding":1,"reliquary:zombie_heart":1},"minecraft:custom":{"minecraft:mob_kills":71,"minecraft:animals_bred":3,"minecraft:interact_with_crafting_table":22,"minecraft:open_barrel":120,"minecraft:damage_dealt_resisted":2503,"minecraft:leave_game":1,"minecraft:time_since_death":48604,"minecraft:climb_one_cm":8114,"minecraft:sprint_one_cm":467549,"minecraft:walk_one_cm":418853,"minecraft:damage_blocked_by_shield":96,"minecraft:drop":85,"minecraft:play_time":235773,"minecraft:deaths":6,"minecraft:sneak_time":6869,"minecraft:walk_under_water_one_cm":17195,"minecraft:jump":4779,"minecraft:walk_on_water_one_cm":33697,"minecraft:total_world_time":235773,"minecraft:tune_noteblock":6,"minecraft:interact_with_loom":20,"minecraft:interact_with_grindstone":1,"minecraft:sleep_in_bed":11,"minecraft:time_since_rest":37280,"minecraft:damage_taken":7784,"minecraft:damage_dealt":15323,"minecraft:swim_one_cm":42485,"minecraft:fly_one_cm":1264001,"minecraft:open_chest":309,"minecraft:crouch_one_cm":16546,"minecraft:interact_with_smoker":4,"minecraft:fall_one_cm":158152,"minecraft:horse_one_cm":796},"minecraft:picked_up":{"born_in_chaos_v1:diamond_termite_shard":3,"minecraft:crafting_table":6,"minecraft:coarse_dirt":1,"minecraft:wheat":23,"simplyswords:diamond_katana":1,"minecraft:chicken":1,"croptopia:peach":6,"born_in_chaos_v1:seedof_chaos":1,"alexscaves:cave_tablet":3,"croptopia:broccoli":2,"minecraft:wooden_pickaxe":1,"iceandfire:frozen_cobblestone":27,"minecraft:shield":3,"minecraft:raw_copper":3,"minecraft:polished_deepslate":7,"relics:leather_belt":1,"minecraft:red_bed":6,"minecraft:string":22,"iceandfire:armor_copper_chestplate":2,"iceandfire:frozen_stone":20,"create:limestone":4,"artifacts:feral_claws":1,"reliquary:zombie_heart":1,"minecraft:deepslate_tiles":8,"minecraft:candle":2,"minecraft:gold_nugget":68,"minecraft:cobbled_deepslate":18,"minecraft:beef":3,"minecraft:calcite":1,"minecraft:azalea":3,"minecraft:iron_pickaxe":3,"hangglider:hang_glider":1,"alexscaves:flytrap":1,"iceandfire:ice_dragon_heart":1,"minecraft:tipped_arrow":1,"iceandfire:pixie_dust":2,"minecraft:raw_iron":15,"minecraft:stick":12,"iceandfire:dragonbone":9,"naturalist:duck":2,"minecraft:torch":44,"born_in_chaos_v1:pieceofdarkmetal":6,"minecraft:tnt":3,"minecraft:arrow":5,"minecraft:rotten_flesh":13,"relics:horse_flute":1,"alexscaves:spelunkery_table":2,"pvz_zengarden:zengarden_guide":1,"minecraft:hay_block":9,"iceandfire:fire_dragon_heart":1,"iceandfire:armor_sapphire_boots":1,"minecraft:gold_ingot":13,"minecraft:cobblestone":30,"born_in_chaos_v1:fused_bone":1,"born_in_chaos_v1:corpse_maggot":2,"travelersbackpack:iron_golem":1,"croptopia:broccoli_seed":3,"born_in_chaos_v1:spiritual_dust":2,"minecraft:water_bucket":1,"minecraft:andesite":10,"minecraft:leather":4,"minecraft:jungle_fence":1,"iceandfire:armor_green_boots":1,"minecraft:gunpowder":1,"artifacts:superstitious_hat":1,"minecraft:oak_log":28,"iceandfire:armor_bronze_leggings":1,"minecraft:yellow_bed":2,"iceandfire:dragonscales_blue":6,"minecraft:paper":11,"minecraft:lapis_lazuli":52,"antlers:tomahawkitem":78,"minecraft:dirt":3,"iceandfire:dragonscales_bronze":13,"minecraft:lantern":1,"born_in_chaos_v1:monster_skin":1,"minecraft:red_carpet":4,"minecraft:bone":18,"minecraft:apple":5,"minecraft:bow":1,"minecraft:wheat_seeds":93,"minecraft:iron_ingot":51,"minecraft:iron_sword":1,"iceandfire:fire_dragon_flesh":7,"minecraft:oak_planks":8,"minecraft:book":24,"minecraft:scaffolding":1,"minecraft:cooked_porkchop":13,"minecraft:sweet_berries":13,"mca:comb":1,"iceandfire:ash":2,"iceandfire:dragonscales_sapphire":24,"minecraft:amethyst_shard":4,"mca:needle_and_thread":1,"minecraft:jungle_planks":2,"minecraft:white_bed":1,"minecraft:spruce_sapling":14,"minecraft:spruce_log":30,"iceandfire:armor_sapphire_helmet":1,"minecraft:spider_eye":2,"arphex:fly_appendage":1,"minecraft:diamond":30,"minecraft:stone_axe":1,"minecraft:iron_helmet":1,"iceandfire:ice_dragon_flesh":15,"minecraft:bread":41,"minecraft:oak_sapling":6,"iceandfire:silver_nugget":92,"minecraft:dark_oak_fence":2,"minecraft:coal":70,"iceandfire:dragon_skull_lightning":1,"minecraft:diamond_pickaxe":1},"minecraft:killed_by":{"minecraft:player":1,"iceandfire:ice_dragon":1,"iceandfire:fire_dragon":1},"minecraft:used":{"create:limestone":4,"minecraft:polished_deepslate":7,"minecraft:chest":5,"minecraft:shield":8,"minecraft:iron_sword":314,"minecraft:torch":47,"minecraft:dirt":3,"croptopia:broccoli":2,"minecraft:jungle_planks":2,"iceandfire:frozen_stone":16,"minecraft:lantern":1,"iceandfire:armor_bronze_leggings":1,"alexscaves:spelunkery_table":2,"croptopia:peach":6,"minecraft:sweet_berries":3,"minecraft:oak_sapling":2,"iceandfire:armor_green_boots":1,"iceandfire:frozen_cobblestone":15,"minecraft:cobbled_deepslate":6,"iceandfire:armor_bronze_boots":1,"minecraft:wheat_seeds":1,"minecraft:water_bucket":63,"iceandfire:fire_dragon_flesh":1,"minecraft:stone_pickaxe":14,"minecraft:jungle_fence":1,"minecraft:oak_planks":35,"minecraft:wooden_pickaxe":2,"travelersbackpack:iron_golem":5,"iceandfire:armor_sapphire_helmet":1,"iceandfire:dragon_skull_lightning":1,"iceandfire:armor_sapphire_boots":2,"minecraft:crafting_table":7,"minecraft:red_bed":6,"alexscaves:cave_book":1,"minecraft:white_bed":2,"minecraft:smoker":1,"minecraft:deepslate_tiles":8,"minecraft:oak_log":1,"minecraft:diamond_pickaxe":80,"minecraft:apple":5,"minecraft:bread":108,"minecraft:iron_pickaxe":199,"iceandfire:ash":2,"minecraft:stone_axe":54,"minecraft:diamond_sword":66,"minecraft:cobblestone":21,"minecraft:cooked_porkchop":9,"minecraft:andesite":8,"minecraft:bucket":64,"minecraft:yellow_bed":2,"minecraft:coarse_dirt":1},"minecraft:killed":{"minecraft:cave_spider":2,"born_in_chaos_v1:skeleton_demoman":1,"alexsmobs:raccoon":1,"minecraft:spider":6,"born_in_chaos_v1:skeleton_thrasher_not_despawn":1,"naturalist:duck":2,"born_in_chaos_v1:baby_skeleton_minion":2,"born_in_chaos_v1:maggot":2,"minecraft:skeleton":7,"born_in_chaos_v1:dire_hound_leader":1,"iceandfire:fire_dragon":1,"arphex:long_legs_fly":1,"minecraft:chicken":1,"born_in_chaos_v1:skeleton_thrasher":1,"born_in_chaos_v1:bonescaller":1,"born_in_chaos_v1:swarmer":1,"born_in_chaos_v1:diamond_termite":3,"majruszsdifficulty:cursed_armor":1,"minecraft:creeper":1,"born_in_chaos_v1:decrepit_skeleton":1,"born_in_chaos_v1:bloody_gadfly":1,"born_in_chaos_v1:dread_hound":1,"minecraft:zombie":12,"born_in_chaos_v1:corpse_fly":5,"minecraft:stray":2,"iceandfire:ice_dragon":1,"iceandfire:pixie":4,"cave_dweller:cave_dweller":2,"lcm:eyeless_dog":1,"alexscaves:vallumraptor":3,"minecraft:cow":2},"minecraft:mined":{"minecraft:diamond_ore":2,"alexscaves:spelunkery_table":2,"minecraft:deepslate_tiles":8,"minecraft:large_amethyst_bud":2,"minecraft:tuff":3,"minecraft:deepslate_diamond_ore":28,"minecraft:candle":1,"iceandfire:frozen_cobblestone":31,"iceandfire:frozen_stone":22,"minecraft:grass_block":3,"minecraft:jungle_planks":2,"minecraft:spawner":5,"minecraft:large_fern":1,"minecraft:hay_block":10,"minecraft:iron_ore":11,"minecraft:fire":7,"minecraft:andesite":9,"minecraft:deepslate_lapis_ore":8,"minecraft:polished_deepslate":7,"minecraft:sculk_shrieker":4,"minecraft:bookshelf":8,"minecraft:deepslate_iron_ore":4,"minecraft:stone":31,"create:limestone":4,"minecraft:scaffolding":1,"minecraft:red_bed":6,"alexscaves:flytrap":1,"minecraft:soul_fire":10,"minecraft:amethyst_cluster":1,"iceandfire:dragon_ice_spikes":5,"minecraft:torch":4,"born_in_chaos_v1:infected_deepslate_diamond_ore":2,"minecraft:crafting_table":5,"minecraft:calcite":1,"minecraft:tall_grass":8,"minecraft:lapis_ore":1,"minecraft:oak_planks":8,"minecraft:sculk":5,"minecraft:wall_torch":2,"minecraft:coarse_dirt":1,"minecraft:blue_ice":4,"minecraft:sweet_berry_bush":2,"minecraft:wheat":1,"minecraft:ice":1,"minecraft:spruce_log":13,"minecraft:tnt":3,"minecraft:jungle_fence":1,"minecraft:yellow_bed":2,"minecraft:grass":21,"minecraft:coal_ore":71,"minecraft:oak_log":29,"minecraft:cobweb":4,"minecraft:deepslate":20,"minecraft:oak_leaves":1,"minecraft:white_bed":1}},"DataVersion":3465}