{"stats":{"minecraft:crafted":{"minecraft:oak_planks":72,"minecraft:stone_pickaxe":1,"minecraft:chest":2,"iceandfire:armor_sapphire_helmet":1,"minecraft:cooked_porkchop":7,"minecraft:crafting_table":2,"iceandfire:armor_bronze_boots":1,"minecraft:bucket":1,"minecraft:stone_axe":1,"minecraft:bread":7,"minecraft:air":0,"minecraft:shield":1,"minecraft:stick":4,"iceandfire:armor_sapphire_boots":1,"iceandfire:armor_bronze_leggings":1,"minecraft:torch":12},"minecraft:dropped":{"minecraft:iron_sword":1,"iceandfire:dragonscales_sapphire":14,"minecraft:wheat_seeds":71,"iceandfire:dragonscales_green":7,"minecraft:iron_helmet":3,"antlers:tomahawkitem":1,"relics:horse_flute":1,"born_in_chaos_v1:pieceofdarkmetal":3,"relics:roller_skates":1,"mca:comb":1,"minecraft:iron_leggings":1,"minecraft:iron_pickaxe":1,"artifacts:feral_claws":1,"minecraft:string":2,"minecraft:spruce_sapling":14,"minecraft:bone":2,"iceandfire:armor_bronze_boots":1,"minecraft:rotten_flesh":4,"minecraft:iron_boots":2,"minecraft:azalea":3,"mca:needle_and_thread":1,"minecraft:bow":1,"minecraft:stone_pickaxe":1,"minecraft:wooden_pickaxe":1,"minecraft:scaffolding":1},"minecraft:custom":{"minecraft:mob_kills":26,"minecraft:interact_with_crafting_table":14,"minecraft:open_barrel":98,"minecraft:damage_dealt_resisted":991,"minecraft:leave_game":1,"minecraft:time_since_death":6759,"minecraft:climb_one_cm":4606,"minecraft:sprint_one_cm":256052,"minecraft:walk_one_cm":242978,"minecraft:damage_blocked_by_shield":96,"minecraft:drop":38,"minecraft:play_time":121773,"minecraft:deaths":4,"minecraft:sneak_time":2871,"minecraft:walk_under_water_one_cm":9309,"minecraft:jump":2517,"minecraft:walk_on_water_one_cm":19743,"minecraft:total_world_time":121773,"minecraft:sleep_in_bed":8,"minecraft:time_since_rest":6792,"minecraft:damage_taken":4683,"minecraft:damage_dealt":5370,"minecraft:swim_one_cm":30480,"minecraft:fly_one_cm":578948,"minecraft:open_chest":125,"minecraft:crouch_one_cm":9161,"minecraft:interact_with_smoker":4,"minecraft:fall_one_cm":90970,"minecraft:horse_one_cm":796},"minecraft:picked_up":{"minecraft:crafting_table":5,"minecraft:coarse_dirt":1,"minecraft:wheat":23,"minecraft:chicken":1,"croptopia:peach":6,"croptopia:broccoli":2,"minecraft:wooden_pickaxe":1,"minecraft:red_bed":6,"minecraft:string":20,"iceandfire:armor_copper_chestplate":1,"minecraft:gold_nugget":68,"minecraft:azalea":3,"iceandfire:pixie_dust":2,"minecraft:stick":7,"naturalist:duck":2,"minecraft:torch":2,"born_in_chaos_v1:pieceofdarkmetal":6,"minecraft:rotten_flesh":4,"relics:horse_flute":1,"pvz_zengarden:zengarden_guide":1,"minecraft:hay_block":9,"iceandfire:fire_dragon_heart":1,"minecraft:gold_ingot":13,"minecraft:cobblestone":27,"croptopia:broccoli_seed":3,"minecraft:jungle_fence":1,"minecraft:oak_log":18,"minecraft:yellow_bed":2,"antlers:tomahawkitem":3,"minecraft:dirt":3,"iceandfire:dragonscales_bronze":13,"minecraft:lantern":1,"minecraft:red_carpet":4,"minecraft:bone":2,"minecraft:apple":5,"minecraft:bow":1,"minecraft:wheat_seeds":92,"iceandfire:fire_dragon_flesh":7,"minecraft:oak_planks":2,"minecraft:scaffolding":1,"minecraft:sweet_berries":13,"mca:comb":1,"iceandfire:ash":2,"iceandfire:dragonscales_sapphire":24,"mca:needle_and_thread":1,"minecraft:jungle_planks":2,"minecraft:spruce_sapling":14,"minecraft:spruce_log":13,"minecraft:spider_eye":1,"minecraft:iron_helmet":1,"minecraft:oak_sapling":2,"minecraft:dark_oak_fence":2,"minecraft:coal":35},"minecraft:killed_by":{"minecraft:player":1,"iceandfire:fire_dragon":1},"minecraft:used":{"minecraft:chest":2,"minecraft:shield":8,"minecraft:iron_sword":182,"minecraft:torch":5,"minecraft:dirt":3,"croptopia:broccoli":2,"minecraft:jungle_planks":2,"minecraft:lantern":1,"iceandfire:armor_bronze_leggings":1,"croptopia:peach":6,"minecraft:sweet_berries":3,"minecraft:oak_sapling":2,"iceandfire:armor_bronze_boots":1,"minecraft:wheat_seeds":1,"minecraft:water_bucket":42,"iceandfire:fire_dragon_flesh":1,"minecraft:stone_pickaxe":14,"minecraft:jungle_fence":1,"minecraft:oak_planks":34,"minecraft:wooden_pickaxe":2,"travelersbackpack:iron_golem":4,"iceandfire:armor_sapphire_helmet":1,"iceandfire:armor_sapphire_boots":1,"minecraft:crafting_table":6,"minecraft:red_bed":6,"minecraft:smoker":1,"minecraft:apple":5,"minecraft:bread":61,"minecraft:iron_pickaxe":60,"iceandfire:ash":2,"minecraft:stone_axe":17,"minecraft:cobblestone":21,"minecraft:cooked_porkchop":3,"minecraft:bucket":43,"minecraft:yellow_bed":2,"minecraft:coarse_dirt":1},"minecraft:killed":{"minecraft:cave_spider":2,"minecraft:spider":5,"born_in_chaos_v1:skeleton_thrasher_not_despawn":1,"naturalist:duck":2,"minecraft:skeleton":4,"iceandfire:fire_dragon":1,"minecraft:chicken":1,"minecraft:creeper":1,"minecraft:zombie":4,"minecraft:stray":1,"iceandfire:pixie":4},"minecraft:mined":{"minecraft:grass_block":3,"minecraft:jungle_planks":2,"minecraft:spawner":3,"minecraft:hay_block":10,"minecraft:fire":7,"minecraft:stone":28,"minecraft:scaffolding":1,"minecraft:red_bed":6,"minecraft:crafting_table":4,"minecraft:tall_grass":7,"minecraft:oak_planks":2,"minecraft:coarse_dirt":1,"minecraft:sweet_berry_bush":2,"minecraft:wheat":1,"minecraft:ice":1,"minecraft:spruce_log":13,"minecraft:jungle_fence":1,"minecraft:yellow_bed":2,"minecraft:grass":20,"minecraft:coal_ore":35,"minecraft:oak_log":18,"minecraft:cobweb":2,"minecraft:oak_leaves":1}},"DataVersion":3465}