{"stats":{"minecraft:custom":{"minecraft:interact_with_crafting_table":263,"minecraft:damage_blocked_by_shield":440,"minecraft:play_time":4054822,"minecraft:deaths":16,"minecraft:jump":45144,"minecraft:interact_with_smoker":19,"minecraft:inspect_dispenser":37,"minecraft:horse_one_cm":42503,"minecraft:interact_with_anvil":42,"minecraft:inspect_hopper":9,"minecraft:tune_noteblock":49,"minecraft:time_since_rest":47537,"minecraft:swim_one_cm":243856,"minecraft:open_chest":2301,"minecraft:damage_resisted":1770,"minecraft:play_noteblock":4,"minecraft:talked_to_villager":21,"minecraft:damage_dealt_resisted":18484,"minecraft:raid_win":1,"minecraft:boat_one_cm":3678,"minecraft:damage_taken":27845,"minecraft:aviate_one_cm":1219396,"minecraft:open_barrel":163,"minecraft:leave_game":87,"minecraft:time_since_death":179337,"minecraft:enchant_item":62,"minecraft:interact_with_furnace":93,"minecraft:sleep_in_bed":10,"minecraft:damage_dealt":76886,"minecraft:interact_with_smithing_table":23,"minecraft:damage_dealt_absorbed":580,"minecraft:sneak_time":189368,"minecraft:interact_with_lectern":2,"minecraft:interact_with_blast_furnace":5,"minecraft:total_world_time":4054822,"minecraft:interact_with_stonecutter":1,"minecraft:fly_one_cm":36443357,"minecraft:fall_one_cm":1493176,"minecraft:animals_bred":1,"minecraft:sprint_one_cm":6432774,"minecraft:drop":986,"minecraft:walk_on_water_one_cm":364904,"minecraft:interact_with_loom":2,"minecraft:player_kills":19,"minecraft:crouch_one_cm":522564,"minecraft:mob_kills":1356,"minecraft:climb_one_cm":171406,"minecraft:walk_one_cm":7120752,"minecraft:walk_under_water_one_cm":911696,"minecraft:raid_trigger":1,"minecraft:pot_flower":6,"minecraft:interact_with_grindstone":31,"minecraft:damage_absorbed":40,"minecraft:trigger_trapped_chest":1,"minecraft:minecart_one_cm":146538},"minecraft:broken":{"aether:golden_gloves":1,"minecraft:shield":1,"minecraft:golden_boots":1,"minecraft:flint_and_steel":2},"minecraft:killed":{"born_in_chaos_v1:zombie_lumberjack":1,"aquaculture:smallmouth_bass":2,"minecraft:zombie_horse":1,"arphex:ant_arsonist":1,"iceandfire:dread_scuttler":1,"lcm:snare_flea":1,"minecraft:parrot":2,"bwrtherain:spider_skull":1,"minecraft:pillager":108,"lcm:nutcracker":1,"minecraft:zombie":223,"mca:male_villager":1,"iceandfire:dread_ghoul":4,"mca:female_zombie_villager":2,"minecraft:evoker":1,"mca:male_zombie_villager":4,"minecraft:vindicator":22,"minecraft:endermite":1,"born_in_chaos_v1:skeleton_thrasher_not_despawn":1,"minecraft:husk":9,"minecraft:ravager":1,"mca:female_villager":14,"minecraft:zombified_piglin":12,"minecraft:witch":4,"minecraft:spider":36,"aquaculture:gar":1,"minecraft:piglin_brute":7,"minecraft:piglin":14,"alexsmobs:crimson_mosquito":4,"minecraft:sheep":3,"minecraft:ghast":5,"cave_dweller:cave_dweller":1,"born_in_chaos_v1:siamese_skeletonsleft":2,"minecraft:vex":8,"minecraft:slime":7,"born_in_chaos_v1:zombie_bruiser":1,"minecraft:drowned":2,"friendsandfoes:iceologer":2,"lcm:jester":1,"minecraft:hoglin":6,"born_in_chaos_v1:decaying_zombie":1,"minecraft:wither_skeleton":17,"minecraft:player":14,"minecraft:cave_spider":3,"iceandfire:hippogryph":1,"born_in_chaos_v1:restless_spirit":2,"lcm:old_bird_unactive":1,"born_in_chaos_v1:door_knight_not_despawn":1,"born_in_chaos_v1:siamese_skeletonsright":2,"minecraft:skeleton":222,"minecraft:chicken":4,"born_in_chaos_v1:skeleton_thrasher":1,"creeperoverhaul:cave_creeper":2,"antlers:wendigo":3,"minecraft:magma_cube":10,"naturalist:firefly":1,"mutantmonsters:mutant_skeleton":1,"creeperoverhaul:desert_creeper":2,"born_in_chaos_v1:corpse_fly":1,"born_in_chaos_v1:door_knight":1,"minecraft:cow":1,"iceandfire:dread_beast":1,"minecraft:horse":1,"iceandfire:dread_knight":4,"lcm:earthleviathanspawner":2,"lcm:bracken":3,"born_in_chaos_v1:decrepit_skeleton":1,"lcm:eyeless_dog":1,"minecraft:enderman":5,"lcm:masked":1,"aquaculture:perch":5,"minecraft:illusioner":2,"minecraft:turtle":3,"artifacts:mimic":14,"minecraft:pig":3,"minecraft:strider":1,"minecraft:creeper":201,"apollyon:the_damned":7,"minecraft:blaze":26,"aquaculture:bluegill":1,"born_in_chaos_v1:maggot":3,"minecraft:phantom":42,"iceandfire:dread_thrall":2,"twilightforest:swarm_spider":3,"twilightforest:hedge_spider":1,"aquaculture:brown_trout":2,"creeperoverhaul:spruce_creeper":2,"minecraft:bat":1,"mowziesmobs:umvuthana_follower_raptor":4},"minecraft:picked_up":{"minecraft:stone_slab":18,"minecraft:lead":5,"minecraft:enchanted_book":2,"minecraft:polished_deepslate":33,"minecraft:polished_blackstone_brick_stairs":15,"minecraft:string":152,"minecraft:diamond_leggings":2,"minecraft:horn_coral_block":10,"croptopia:apple_juice":6,"chipped:end_purple_carved_pumpkin":1,"minecraft:warped_slab":268,"minecraft:spruce_pressure_plate":2,"minecraft:polished_blackstone_brick_slab":31,"born_in_chaos_v1:shattered_skull":3,"minecraft:big_dripleaf":4,"minecraft:lightning_rod":2,"minecraft:honeycomb_block":24,"minecraft:green_terracotta":82,"minecraft:stone_sword":1,"artifacts:villager_hat":3,"create:track":131,"minecraft:red_tulip":3,"minecraft:white_terracotta":44,"minecraft:blaze_rod":15,"minecraft:iron_bars":1,"minecraft:snowball":4,"minecraft:sponge":6,"croptopia:lettuce_seed":22,"minecraft:cooked_beef":3,"minecraft:feather":54,"morebows:ender_bow":1,"minecraft:water_bucket":10,"minecraft:brown_wool":1,"artifacts:thorn_pendant":1,"minecraft:flint":188,"artifacts:flippers":5,"minecraft:lantern":33,"minecraft:purple_carpet":1,"deeperdarker:reinforced_echo_shard":1,"minecraft:diamond_helmet":1,"minecraft:rabbit":4,"croptopia:roe":24,"minecraft:honeycomb":20,"create:experience_block":1,"mca:comb":1,"minecraft:lime_terracotta":46,"minecraft:stripped_spruce_log":12,"minecraft:lever":2,"chipped:tall_lantern":1,"minecraft:spruce_button":1,"create:framed_glass_door":3,"minecraft:crimson_roots":3,"minecraft:diamond_pickaxe":3,"minecraft:redstone_lamp":9,"minecraft:clay_ball":104,"minecraft:leather_leggings":2,"friendsandfoes:totem_of_illusion":1,"minecraft:yellow_candle":2,"minecraft:cornflower":6,"artifacts:power_glove":13,"create:scorchia":27,"another_furniture:warped_table":6,"minecraft:netherite_sword":1,"minecraft:poppy":20,"minecraft:spruce_slab":61,"minecraft:minecart":5,"minecraft:birch_sapling":128,"minecraft:stone":3,"pvz_zengarden:small_sun":10,"born_in_chaos_v1:pieceofdarkmetal":3,"minecraft:netherite_pickaxe":1,"chipped:nether_carved_pumpkin":1,"iceandfire:dragon_skull_ice":1,"minecraft:diamond_chestplate":1,"minecraft:hay_block":1,"minecraft:yellow_terracotta":14,"minecraft:totem_of_undying":15,"minecraft:mutton":64,"minecraft:rail":15,"minecraft:birch_leaves":2,"born_in_chaos_v1:monster_flesh":3,"minecraft:yellow_dye":10,"croptopia:glowing_calamari":11,"minecraft:torchflower":1,"chipped:pillar_dirt_bricks":3,"simplyswords:diamond_glaive":1,"morebows:frost_bow":1,"alexsmobs:mosquito_proboscis":1,"minecraft:apple":24,"minecraft:warped_stem":384,"chipped:purple_paper_lantern":1,"artifacts:steadfast_spikes":3,"minecraft:smooth_basalt":21,"minecraft:sweet_berries":76,"minecraft:red_wool":64,"chipped:donut_lantern":1,"minecraft:diamond_shovel":2,"minecraft:slime_ball":19,"minecraft:polished_blackstone_brick_wall":2,"iceandfire:ice_dragon_flesh":3,"pvz_zengarden:chomper_seedpacket":1,"mowziesmobs:umvuthana_mask_fear":1,"minecraft:baked_potato":167,"minecraft:hopper":9,"croptopia:broccoli":1,"minecraft:warped_stairs":66,"minecraft:waxed_cut_copper_slab":1,"minecraft:dead_tube_coral_block":4,"croptopia:lettuce":14,"minecraft:red_sand":3,"reliquary:zombie_heart":2,"minecraft:bucket":14,"minecraft:white_tulip":1,"minecraft:cobblestone_slab":1184,"minecraft:azalea":4,"minecraft:smooth_quartz":1600,"minecraft:tipped_arrow":5,"minecraft:polished_deepslate_stairs":6,"deeperdarker:warden_boots":2,"minecraft:spruce_stairs":19,"chipped:cross_laced_spruce_planks":1,"minecraft:diorite":17,"minecraft:vine":2,"another_furniture:white_stool":25,"minecraft:rotten_flesh":157,"reliquary:mob_charm_fragment":3,"immersive_melodies:flute":2,"create:andesite_door":1,"minecraft:obsidian":43,"morebows:diamond_bow":4,"minecraft:blaze_powder":1,"minecraft:cobblestone":3708,"minecraft:pink_petals":4,"minecraft:repeater":2,"croptopia:broccoli_seed":2,"minecraft:andesite":3588,"minecraft:potato":8,"create:raw_zinc":12,"croptopia:walnut":22,"minecraft:dirt":2774,"minecraft:name_tag":2,"hammered:diamond_hammer":5,"minecraft:glass":193,"minecraft:mangrove_fence":53,"another_furniture:black_stool":2,"minecraft:bone":261,"minecraft:bow":10,"minecraft:wheat_seeds":130,"minecraft:orange_tulip":1,"minecraft:bamboo":352,"croptopia:chile_pepper_seed":16,"mca:needle_and_thread":1,"minecraft:diamond_block":2,"minecraft:grass_block":82,"minecraft:mossy_cobblestone":2,"chipped:smiling_jack_o_lantern":1,"minecraft:sugar":8,"minecraft:netherite_helmet":1,"minecraft:cracked_polished_blackstone_bricks":18,"minecraft:crossbow":4,"minecraft:bone_meal":6,"minecraft:golden_apple":1,"minecraft:spruce_sign":22,"minecraft:emerald":18,"minecraft:netherrack":657,"iceandfire:silver_nugget":38,"minecraft:oak_leaves":14,"minecraft:ladder":9,"croptopia:peach":39,"minecraft:brown_mushroom":11,"minecraft:stone_brick_wall":50,"minecraft:chain":4,"minecraft:shield":1,"minecraft:oak_trapdoor":241,"minecraft:moss_carpet":81,"artifacts:feral_claws":2,"minecraft:blackstone":41,"immersive_melodies:trumpet":2,"create:railway_casing":5,"minecraft:note_block":36,"minecraft:polished_blackstone_bricks":51,"create:windmill_bearing":74,"minecraft:brown_dye":11,"minecraft:stone_pressure_plate":2,"minecraft:bamboo_button":1,"minecraft:weeping_vines":7,"reliquary:handgun":1,"minecraft:nether_bricks":25,"minecraft:pink_tulip":1,"artifacts:cross_necklace":4,"mutantmonsters:mutant_skeleton_rib":1,"minecraft:skeleton_skull":8,"born_in_chaos_v1:corpse_maggot":4,"minecraft:netherite_boots":1,"born_in_chaos_v1:infernal_evil_pumpkin":1,"minecraft:basalt":33,"minecraft:golden_carrot":96,"artifacts:novelty_drinking_hat":1,"minecraft:leather":33,"artifacts:onion_ring":2,"iceandfire:dread_stone_bricks_cracked":1,"minecraft:cobblestone_wall":6,"minecraft:gunpowder":2514,"mca:book_romance":1,"minecraft:red_carpet":1,"minecraft:pearlescent_froglight":1,"minecraft:gray_carpet":2,"another_furniture:dark_oak_shelf":3,"minecraft:rabbit_hide":1,"minecraft:iron_ingot":163,"minecraft:cooked_chicken":1,"croptopia:kiwi":1,"chipped:nether_jack_o_lantern":2,"artifacts:obsidian_skull":1,"minecraft:warped_fungus":3,"create:large_water_wheel":3,"simplyswords:netherite_claymore":1,"minecraft:stone_brick_slab":2,"minecraft:quartz":25,"minecraft:dandelion":3,"minecraft:lava_bucket":4,"minecraft:amethyst_shard":7,"artifacts:scarf_of_invisibility":2,"hole_filler_mod:throwable_hole_filler_balanced_slice":1,"minecraft:spruce_door":1,"minecraft:sculk_sensor":16,"minecraft:pumpkin_seeds":2,"pvz_zengarden:big_sun":18,"pvz_zengarden:peashooter_seedpacket":1,"chipped:stacked_mangrove_planks":37,"minecraft:chainmail_leggings":2,"minecraft:cherry_sapling":55,"minecraft:wooden_axe":1,"minecraft:seagrass":7,"minecraft:iron_chestplate":1,"torchmaster:feral_flare_lantern":1,"minecraft:chainmail_boots":1,"minecraft:flower_pot":7,"create:metal_bracket":38,"minecraft:brown_bed":1,"artifacts:chorus_totem":3,"minecraft:wither_rose":8,"croptopia:calamari":15,"minecraft:golden_sword":2,"minecraft:dark_oak_trapdoor":3,"minecraft:soul_soil":3,"minecraft:red_nether_bricks":2,"minecraft:cobbled_deepslate":45,"minecraft:gold_nugget":108,"minecraft:waxed_weathered_copper":1,"minecraft:spruce_planks":202,"minecraft:netherite_upgrade_smithing_template":1,"hangglider:hang_glider":2,"minecraft:mangrove_log":211,"artifacts:universal_attractor":3,"minecraft:crimson_pressure_plate":2,"minecraft:cherry_log":88,"minecraft:warped_planks":204,"mutantmonsters:mutant_skeleton_pelvis":1,"minecraft:black_dye":8,"minecraft:tropical_fish":1,"create:scoria":30,"minecraft:iron_block":1,"chipped:cornered_mangrove_planks":51,"minecraft:mangrove_door":1,"minecraft:netherite_chestplate":2,"minecraft:birch_log":321,"minecraft:magma_block":6,"minecraft:birch_slab":1,"reliquary:molten_core":2,"minecraft:gray_concrete":4,"croptopia:kiwi_seed":2,"create:shaft":6,"minecraft:glowstone_dust":210,"minecraft:moss_block":82,"create:super_glue":2,"minecraft:gray_glazed_terracotta":21,"minecraft:warped_wart_block":1,"simplyswords:mjolnir":1,"minecraft:ink_sac":23,"croptopia:oat":2,"minecraft:loom":2,"minecraft:fermented_spider_eye":1,"minecraft:dark_oak_log":12,"croptopia:chile_pepper":11,"minecraft:dispenser":1,"artifacts:crystal_heart":3,"minecraft:dead_brain_coral_block":1,"minecraft:bread":2,"minecraft:coarse_dirt":46,"minecraft:crafting_table":30,"minecraft:purple_wool":170,"iceandfire:witherbone":5,"minecraft:nether_wart":6,"minecraft:dead_horn_coral_block":2,"minecraft:stripped_mangrove_log":75,"minecraft:netherite_scrap":2,"minecraft:beef":44,"iceandfire:dread_shard":30,"minecraft:iron_nugget":4,"pvz_zengarden:snow_pea_seedpacket":1,"minecraft:chest":14,"minecraft:egg":37,"minecraft:sandstone":22,"minecraft:polished_deepslate_slab":2,"croptopia:corn_seed":3,"artifacts:charm_of_sinking":1,"minecraft:glow_item_frame":20,"minecraft:spruce_fence":11,"minecraft:carrot":2,"minecraft:redstone":257,"create:brass_casing":27,"minecraft:tnt":1,"minecraft:beetroot_seeds":5,"minecraft:peony":1,"croptopia:cheeseburger":3,"minecraft:shears":1,"minecraft:diamond_boots":2,"pvz_zengarden:zengarden_guide":1,"mowziesmobs:umvuthana_mask_bliss":1,"minecraft:gold_ingot":44,"minecraft:tube_coral_block":10,"minecraft:glow_berries":4,"minecraft:white_wool":181,"simplyswords:iron_katana":1,"minecraft:red_mushroom":1,"reliquary:magazines/exorcism_magazine":61,"minecraft:oak_log":210,"minecraft:ancient_debris":5,"chipped:anguished_carved_pumpkin":1,"mutantmonsters:mutant_skeleton_limb":4,"minecraft:blue_bed":3,"minecraft:white_banner":6,"minecraft:kelp":367,"minecraft:stone_bricks":125,"minecraft:mangrove_planks":4,"minecraft:iron_sword":1,"minecraft:flowering_azalea":6,"chipped:clear_leaded_glass":49,"born_in_chaos_v1:ethereal_spirit":2,"minecraft:gravel":15,"another_furniture:spruce_drawer":4,"minecraft:spruce_sapling":796,"minecraft:spruce_log":1596,"minecraft:firework_rocket":1,"minecraft:stone_axe":1,"hole_filler_mod:throwable_hole_filler":35,"croptopia:orange":8,"minecraft:diamond_axe":2,"iceandfire:dragonforge_ice_input":1,"minecraft:gray_wool":2,"minecraft:warped_roots":2,"minecraft:ender_pearl":4,"alexsmobs:maraca":4,"minecraft:wheat":2,"minecraft:redstone_block":9,"minecraft:calibrated_sculk_sensor":1,"minecraft:brain_coral_block":20,"minecraft:crimson_planks":4,"mutantmonsters:mutant_skeleton_skull":1,"minecraft:raw_copper":82,"minecraft:smooth_stone_slab":33,"celestisynth:rainfall_serenity":1,"minecraft:sticky_piston":2,"minecraft:netherite_ingot":6,"minecraft:tnt_minecart":2,"minecraft:redstone_torch":19,"minecraft:calcite":7,"chipped:overjoyed_carved_pumpkin":1,"minecraft:stick":697,"minecraft:oak_fence":7,"minecraft:torch":228,"minecraft:porkchop":51,"minecraft:pointed_dripstone":2,"born_in_chaos_v1:nightmare_claw":1,"minecraft:cactus":12,"minecraft:mangrove_stairs":24,"artifacts:panic_necklace":1,"minecraft:cod":1,"minecraft:jungle_pressure_plate":2,"minecraft:magma_cream":2,"minecraft:warped_trapdoor":29,"artifacts:flame_pendant":1,"minecraft:lapis_lazuli":67,"born_in_chaos_v1:monster_skin":2,"croptopia:corn":2,"minecraft:powered_rail":9,"croptopia:kale_seed":1,"minecraft:stone_hoe":1,"friendsandfoes:totem_of_freezing":3,"minecraft:ghast_tear":1,"minecraft:cooked_porkchop":13,"chipped:owo_carved_pumpkin":1,"minecraft:oak_pressure_plate":2,"minecraft:sand":1195,"another_furniture:lime_stool":1,"artifacts:plastic_drinking_hat":4,"minecraft:light_gray_concrete":10,"minecraft:spruce_boat":3,"artifacts:golden_hook":8,"minecraft:diamond":105,"minecraft:oak_sapling":199,"minecraft:bubble_coral_block":10,"minecraft:charcoal":5,"artifacts:night_vision_goggles":1,"minecraft:chicken":40,"simplyswords:diamond_katana":2,"croptopia:sweetpotato_seed":3,"minecraft:gold_block":19,"immersive_aircraft:biplane":15,"minecraft:wooden_sword":1,"minecraft:item_frame":12,"minecraft:warped_fence":3,"minecraft:candle":2,"minecraft:detector_rail":6,"minecraft:player_head":17,"minecraft:observer":4,"minecraft:light_gray_wool":4,"minecraft:lectern":1,"minecraft:sugar_cane":2,"minecraft:cherry_trapdoor":2,"deeperdarker:warden_chestplate":1,"minecraft:spruce_trapdoor":19,"minecraft:phantom_membrane":22,"minecraft:dark_oak_sapling":8,"minecraft:orange_dye":9,"minecraft:raw_iron":24,"iceandfire:dragonbone":2,"minecraft:copper_ingot":1,"minecraft:bowl":8,"minecraft:quartz_pillar":2,"minecraft:dark_oak_planks":5,"minecraft:lime_candle":2,"minecraft:arrow":155,"artifacts:cowboy_hat":2,"minecraft:saddle":6,"born_in_chaos_v1:fused_bone":7,"minecraft:wet_sponge":15,"deeperdarker:warden_leggings":1,"minecraft:glow_ink_sac":25,"minecraft:crimson_stem":5,"artifacts:eternal_steak":1,"artifacts:digging_claws":8,"born_in_chaos_v1:darkwarblade":1,"minecraft:salmon":23,"minecraft:cut_sandstone":1,"minecraft:mushroom_stew":1,"minecraft:nether_wart_block":37,"minecraft:cobblestone_stairs":11,"botania:light_blue_mystical_flower":6,"minecraft:red_nether_brick_stairs":1,"minecraft:fire_coral_block":10,"arphex:burning_glands":1,"minecraft:soul_sand":25,"mowziesmobs:umvuthana_mask_misery":1,"minecraft:oxidized_cut_copper":7,"minecraft:book":2,"minecraft:scaffolding":321,"minecraft:blast_furnace":2,"deeperdarker:warden_helmet":1,"minecraft:spider_eye":28,"simplyswords:diamond_greathammer":2,"croptopia:oat_seed":2,"chipped:vertical_disordered_dirt_bricks":8,"minecraft:honey_block":2,"minecraft:dead_bubble_coral_block":5,"create:encased_fan":1,"minecraft:black_wool":1,"minecraft:magenta_concrete":1,"minecraft:coal":823},"minecraft:killed_by":{"minecraft:skeleton":1,"minecraft:creeper":1,"minecraft:player":6},"minecraft:dropped":{"minecraft:porkchop":2,"minecraft:lapis_lazuli":2,"immersive_melodies:trumpet":2,"minecraft:glass_bottle":1,"minecraft:diamond":69,"minecraft:crafting_table":1,"minecraft:cooked_porkchop":4,"immersive_aircraft:biplane":1,"minecraft:weeping_vines":7,"immersive_melodies:lute":1,"artifacts:cloud_in_a_bottle":1,"born_in_chaos_v1:pieceofdarkmetal":1,"artifacts:universal_attractor":1,"create:scorchia":16,"minecraft:gold_nugget":8,"minecraft:sand":206,"minecraft:fermented_spider_eye":1,"minecraft:white_wool":414,"minecraft:diamond_block":2,"minecraft:ancient_debris":2,"minecraft:iron_nugget":4,"create:windmill_bearing":64,"minecraft:cobbled_deepslate":1,"minecraft:netherite_sword":1,"minecraft:wheat":1,"croptopia:oat_seed":2,"minecraft:rotten_flesh":96,"minecraft:oak_planks":4,"minecraft:glowstone_dust":2,"deeperdarker:warden_boots":2,"croptopia:broccoli":1,"create:wand_of_symmetry":1,"pvz_zengarden:big_sun":7,"simplyswords:mjolnir":1,"minecraft:glass":291,"minecraft:warped_wart_block":1,"another_furniture:spruce_drawer":1,"born_in_chaos_v1:shattered_skull":1,"minecraft:wheat_seeds":99,"minecraft:smooth_quartz_stairs":1,"minecraft:netherite_chestplate":1,"deeperdarker:warden_upgrade_smithing_template":4,"minecraft:mushroom_stew":1,"minecraft:warped_trapdoor":2,"minecraft:lava_bucket":1,"minecraft:gray_wool":256,"minecraft:blackstone_wall":1,"minecraft:wooden_axe":1,"artifacts:plastic_drinking_hat":2,"minecraft:chainmail_leggings":1,"deeperdarker:warden_leggings":1,"artifacts:digging_claws":8,"minecraft:stone_brick_slab":3,"minecraft:soul_soil":1,"minecraft:green_terracotta":20,"minecraft:player_head":11,"minecraft:clay_ball":52,"minecraft:iron_boots":1,"croptopia:corn_seed":3,"artifacts:golden_hook":3,"minecraft:shears":2,"minecraft:diamond_sword":1,"minecraft:brain_coral_block":10,"minecraft:flower_pot":2,"minecraft:spruce_trapdoor":1,"minecraft:peony":1,"minecraft:spruce_planks":5,"minecraft:diamond_pickaxe":2,"minecraft:redstone_torch":1,"minecraft:stone_pressure_plate":2,"minecraft:bamboo":4,"minecraft:sandstone":16,"minecraft:bow":9,"minecraft:red_sand":3,"minecraft:magma_block":6,"hole_filler_mod:throwable_hole_filler_balanced_slice":1,"mutantmonsters:mutant_skeleton_rib":1,"minecraft:soul_sand":3,"minecraft:moss_block":20,"minecraft:oak_log":4,"minecraft:dark_oak_sapling":4,"minecraft:lime_terracotta":10,"iceandfire:ice_dragon_flesh":2,"minecraft:leather":1,"minecraft:honeycomb":1,"minecraft:red_wool":448,"chipped:stacked_mangrove_planks":2,"iceandfire:dread_stone_bricks_cracked":1,"minecraft:polished_blackstone_brick_wall":2,"morebows:ender_bow":1,"minecraft:dark_oak_log":9,"minecraft:mutton":4,"croptopia:sweetpotato_seed":3,"croptopia:calamari":1,"automobility:automobile":1,"minecraft:gold_ingot":88,"croptopia:corn":1,"simplyswords:runic_tablet":1,"mutantmonsters:mutant_skeleton_pelvis":1,"deeperdarker:warden_chestplate":1,"minecraft:pointed_dripstone":2,"artifacts:villager_hat":1,"hammered:diamond_hammer":2,"reliquary:handgun":1,"simplyswords:diamond_katana":1,"minecraft:mangrove_log":427,"minecraft:stone_brick_wall":1,"simplyswords:diamond_greathammer":1,"minecraft:scaffolding":1,"artifacts:scarf_of_invisibility":1,"arphex:burning_glands":1,"minecraft:crimson_pressure_plate":2,"minecraft:vine":2,"minecraft:tropical_fish":1,"minecraft:spruce_stairs":3,"croptopia:kale_seed":1,"minecraft:milk_bucket":1,"minecraft:repeater":1,"croptopia:lettuce":1,"minecraft:nether_wart_block":1,"born_in_chaos_v1:fused_bone":7,"artifacts:crystal_heart":2,"minecraft:stonecutter":1,"minecraft:cactus":6,"minecraft:redstone_block":23,"iceandfire:dragonbone":2,"croptopia:oat":2,"minecraft:kelp":20,"minecraft:sweet_berries":10,"friendsandfoes:totem_of_freezing":1,"minecraft:sculk_sensor":16,"minecraft:totem_of_undying":4,"minecraft:andesite":1616,"minecraft:oak_sapling":81,"artifacts:pocket_piston":1,"minecraft:spruce_log":73,"croptopia:peach":23,"minecraft:brick":1,"minecraft:crimson_stem":1,"minecraft:acacia_wood":1,"minecraft:crossbow":2,"minecraft:orange_tulip":1,"minecraft:saddle":4,"minecraft:elytra":1,"minecraft:rail":7,"minecraft:item_frame":1,"minecraft:dirt":325,"minecraft:grass":1,"mca:blueprint":1,"minecraft:chain":1,"minecraft:wooden_sword":1,"minecraft:bone_meal":70,"minecraft:phantom_membrane":8,"minecraft:bone":42,"minecraft:note_block":32,"artifacts:power_glove":5,"minecraft:detector_rail":6,"minecraft:birch_sapling":18,"croptopia:apple_juice":1,"minecraft:mangrove_fence":1,"create:scoria":6,"hole_filler_mod:throwable_hole_filler":36,"minecraft:charcoal":2,"croptopia:broccoli_seed":2,"minecraft:spruce_slab":12,"minecraft:campfire":1,"minecraft:dead_tube_coral_block":3,"minecraft:enchanted_book":4,"minecraft:crimson_planks":4,"minecraft:iron_ingot":165,"morebows:diamond_bow":5,"minecraft:netherite_pickaxe":1,"minecraft:birch_leaves":2,"celestisynth:rainfall_serenity":2,"immersive_aircraft:enhanced_propeller":1,"minecraft:yellow_terracotta":4,"minecraft:feather":14,"minecraft:cobblestone":1647,"minecraft:apple":4,"minecraft:spruce_button":1,"minecraft:coal":96,"minecraft:end_rod":1,"minecraft:golden_carrot":97,"minecraft:diamond_helmet":1,"minecraft:string":87,"arphex:silk_slinger":1,"minecraft:spruce_sapling":57,"minecraft:moss_carpet":11,"minecraft:stone_sword":1,"minecraft:smooth_stone_slab":768,"minecraft:bowl":12,"minecraft:chicken":5,"minecraft:stone_slab":15,"iceandfire:dragon_skull_ice":1,"minecraft:magenta_concrete":1,"minecraft:spruce_fence":1,"minecraft:big_dripleaf":4,"minecraft:potato":6,"minecraft:cobblestone_slab":2,"torchmaster:megatorch":1,"minecraft:stone":3,"artifacts:eternal_steak":1,"minecraft:spider_eye":16,"create:brass_casing":1,"minecraft:red_tulip":3,"minecraft:spruce_sign":2,"minecraft:warped_stem":384,"create:super_glue":1,"minecraft:brown_mushroom":5,"deeperdarker:warden_helmet":1,"minecraft:diamond_axe":2,"minecraft:baked_potato":65,"minecraft:netherite_upgrade_smithing_template":7,"minecraft:lantern":1,"create:track":15,"artifacts:flippers":2,"reliquary:magazines/exorcism_magazine":60,"minecraft:flint":1,"minecraft:netherite_scrap":3,"artifacts:novelty_drinking_hat":1,"minecraft:polished_blackstone_brick_stairs":5,"minecraft:crimson_roots":3,"minecraft:seagrass":7,"minecraft:glistering_melon_slice":2,"minecraft:birch_log":4,"iceandfire:dread_shard":34,"minecraft:armor_stand":1,"minecraft:gravel":9,"minecraft:blackstone":15,"hangglider:hang_glider":4,"born_in_chaos_v1:ethereal_spirit":1,"immersive_melodies:flute":1,"minecraft:diamond_shovel":2,"minecraft:poppy":1,"minecraft:gunpowder":52,"born_in_chaos_v1:corpse_maggot":2,"minecraft:spruce_pressure_plate":17,"deeperdarker:reinforced_echo_shard":5,"minecraft:chainmail_boots":1,"minecraft:basalt":31,"minecraft:arrow":56,"minecraft:powered_rail":1,"minecraft:quartz":25,"minecraft:oak_leaves":5,"minecraft:netherrack":490,"minecraft:firework_rocket":65,"minecraft:water_bucket":2,"minecraft:stripped_spruce_log":5,"croptopia:lettuce_seed":3,"reliquary:mob_charm_fragment":1,"minecraft:minecart":2,"minecraft:diamond_leggings":1,"minecraft:dead_horn_coral_block":2,"minecraft:grass_block":21,"minecraft:stick":14,"minecraft:torch":81,"minecraft:smooth_quartz":335,"minecraft:wither_rose":4,"minecraft:flowering_azalea":1,"artifacts:feral_claws":1,"minecraft:bucket":3,"minecraft:dandelion":1,"minecraft:smooth_basalt":21,"minecraft:redstone":15,"minecraft:jungle_pressure_plate":2,"minecraft:coarse_dirt":4,"minecraft:raw_iron":3,"minecraft:dead_bubble_coral_block":5,"artifacts:flame_pendant":1,"chipped:clear_leaded_glass":47,"minecraft:red_nether_brick_stairs":1,"minecraft:diamond_chestplate":1,"minecraft:diamond_boots":3,"artifacts:cross_necklace":2,"minecraft:dead_brain_coral_block":1,"chipped:pillar_dirt_bricks":1},"minecraft:used":{"minecraft:moss_block":656,"create:brass_casing":412,"celestisynth:poltergeist":2,"minecraft:dispenser":12,"immersive_aircraft:airship":1,"minecraft:poppy":5,"deeperdarker:warden_boots":1,"minecraft:stone":102,"lcm:ghost_girl_spawn_egg":1,"minecraft:red_nether_brick_stairs":10,"minecraft:quartz_stairs":8,"minecraft:soul_sand":15,"create:white_sail":44,"minecraft:spruce_boat":5,"chipped:clear_leaded_glass_pane":2,"create:controls":17,"minecraft:lava_bucket":7,"minecraft:quartz_pillar":22,"minecraft:mangrove_stairs":347,"friendsandfoes:totem_of_illusion":1,"minecraft:red_wool":55,"croptopia:peach":1,"minecraft:bow":18,"create:shaft":152,"croptopia:lettuce":2,"minecraft:oak_sapling":3,"immersive_aircraft:biplane":15,"simplyswords:ribboncleaver":3,"born_in_chaos_v1:skeleton_thrasher_not_despawn_spawn_egg":2,"born_in_chaos_v1:zombie_lumberjack_spawn_egg":1,"minecraft:damaged_anvil":1,"minecraft:blackstone":26,"minecraft:parrot_spawn_egg":6,"morebows:ender_bow":211,"celestisynth:rainfall_serenity":56,"minecraft:golden_apple":1,"minecraft:glow_berries":4,"simplyswords:flamewind":3,"minecraft:bamboo_button":6,"minecraft:birch_fence":39,"pvz_zengarden:wall_nut_block":5,"another_furniture:cherry_bench":12,"minecraft:birch_slab":13,"another_furniture:lime_stool":1,"minecraft:oak_pressure_plate":3,"minecraft:nether_wart_block":36,"create:basin":3,"lcm:eyeless_dog_spawn_egg":1,"minecraft:birch_log":4,"born_in_chaos_v1:scorched_planks_trapdoor":12,"chipped:owo_carved_pumpkin":1,"minecraft:purple_wool":1326,"chipped:stacked_mangrove_planks":41,"minecraft:polished_blackstone_brick_slab":149,"minecraft:enchanting_table":1,"born_in_chaos_v1:darkwarblade":11,"minecraft:tinted_glass":9,"minecraft:mangrove_fence":113,"minecraft:structure_block":47,"minecraft:torch":630,"chipped:pillar_dirt_bricks":3,"minecraft:bamboo":100,"minecraft:diamond_chestplate":2,"another_furniture:warped_table":47,"minecraft:basalt":2,"minecraft:warped_stairs":206,"create:fluid_pipe":47,"minecraft:cherry_log":23,"minecraft:calcite":7,"create:wand_of_symmetry":6,"celestisynth:breezebreaker":7,"minecraft:tube_coral_block":5,"minecraft:birch_planks":3,"minecraft:diamond_block":3,"minecraft:rail":70,"simplyswords:tempest":2,"celestisynth:solaris":11,"disenchanting:disenchanter":3,"minecraft:sculk_shrieker":1,"minecraft:campfire":89,"born_in_chaos_v1:lord_pumpkinhead_spawn_egg":5,"minecraft:spruce_log":407,"twilightforest:mining_trapdoor":1,"minecraft:diamond_pickaxe":4252,"minecraft:warped_trapdoor":54,"minecraft:diamond_shovel":3275,"lcm:bracken_spawn_egg":2,"minecraft:tnt_minecart":6,"minecraft:spruce_pressure_plate":2,"minecraft:spruce_trapdoor":134,"create:mechanical_arm":1,"minecraft:spruce_sapling":7,"chipped:nether_jack_o_lantern":2,"alexsmobs:spawn_egg_void_worm":3,"minecraft:cooked_porkchop":2,"twilightforest:hollow_dark_log":2,"create:redstone_link":5,"minecraft:dandelion":2,"minecraft:diamond_leggings":3,"minecraft:cherry_sapling":23,"minecraft:nether_wart":6,"create:railway_casing":238,"minecraft:green_terracotta":166,"another_furniture:cherry_drawer":4,"minecraft:jungle_planks":11,"minecraft:obsidian":150,"minecraft:mangrove_log":338,"minecraft:lantern":352,"create:scoria":24,"minecraft:item_frame":1,"create:experience_block":2,"minecraft:red_nether_brick_wall":26,"another_furniture:spruce_chair":1,"simplyswords:iron_spear":6,"another_furniture:light_blue_lamp":4,"create:schedule":1,"minecraft:end_rod":18,"minecraft:diamond_boots":1,"create:crushing_wheel":10,"croptopia:lettuce_seed":32,"croptopia:kiwi_seed":3,"minecraft:gray_carpet":1,"minecraft:jungle_fence":2,"minecraft:mangrove_planks":5,"minecraft:sandstone":2,"another_furniture:lime_curtain":2,"minecraft:diamond_axe":2269,"minecraft:calibrated_sculk_sensor":3,"minecraft:white_wool":106,"immersive_aircraft:cargo_airship":1,"simplyswords:diamond_claymore":190,"minecraft:crossbow":1,"minecraft:lingering_potion":1,"minecraft:sticky_piston":5,"minecraft:lever":15,"minecraft:dark_oak_log":3,"minecraft:bread":19,"minecraft:warped_slab":2087,"iceandfire:ice_dragon_flesh":1,"minecraft:deepslate":1,"create:white_seat":3,"minecraft:chain":131,"minecraft:smooth_stone_slab":761,"create:vertical_gearbox":3,"minecraft:coarse_dirt":182,"minecraft:bone_meal":185,"minecraft:flint_and_steel":435,"minecraft:redstone":214,"minecraft:cooked_chicken":1,"minecraft:dirt":3523,"alexsmobs:maraca":45,"minecraft:red_nether_brick_slab":26,"croptopia:apple_juice":2,"chipped:cornered_mangrove_planks":604,"minecraft:spruce_fence":80,"minecraft:iron_hoe":30,"antlers:wendigo_spawn_egg":5,"create:vertical_framed_glass":8,"simplyswords:diamond_greathammer":236,"torchmaster:feral_flare_lantern":39,"another_furniture:purple_sofa":4,"minecraft:soul_soil":2,"chipped:nether_carved_pumpkin":1,"minecraft:minecart":5,"minecraft:cooked_beef":3,"chipped:overjoyed_carved_pumpkin":1,"minecraft:cobblestone_stairs":19,"pvz_zengarden:plantern":2,"minecraft:baked_potato":111,"minecraft:red_nether_bricks":75,"another_furniture:purple_tall_stool":7,"create:red_seat":20,"minecraft:spruce_sign":56,"creeperoverhaul:bamboo_creeper_spawn_egg":2,"celestisynth:crescentia":1,"croptopia:cheeseburger":1,"minecraft:warped_planks":762,"minecraft:flower_pot":7,"morebows:gold_bow":1,"lcm:spore_lizard_spawn_egg":1,"croptopia:chile_pepper_seed":27,"create:large_water_wheel":8,"another_furniture:spruce_drawer":11,"born_in_chaos_v1:firelight_spawn_egg":1,"mutantmonsters:mutant_zombie_spawn_egg":1,"minecraft:fire_coral_block":4,"minecraft:end_crystal":20,"alexsmobs:animal_dictionary":1,"minecraft:wither_rose":1,"minecraft:spruce_slab":673,"minecraft:ladder":8,"minecraft:chest":71,"chipped:circular_purple_stained_glass":19,"immersive_aircraft:quadrocopter":1,"create:mechanical_crafter":1,"minecraft:stripped_spruce_log":60,"another_furniture:dark_oak_shelf":14,"minecraft:grass_block":237,"minecraft:wet_sponge":6,"friendsandfoes:totem_of_freezing":2,"mcwdoors:jungle_japanese2_door":1,"minecraft:stripped_mangrove_log":586,"create:rotation_speed_controller":10,"minecraft:dark_oak_boat":1,"minecraft:sweet_berries":8,"minecraft:furnace":9,"minecraft:egg":3,"minecraft:diorite":29,"minecraft:spruce_door":1,"chipped:red_nether_bricks_bricks":15,"minecraft:powered_rail":224,"chipped:vertical_disordered_dirt_bricks":207,"artifacts:eternal_steak":104,"minecraft:oak_leaves":95,"minecraft:smooth_quartz_stairs":21,"minecraft:sand":21,"mca:female_villager_spawn_egg":11,"chipped:tall_lantern":1,"minecraft:netherite_helmet":1,"minecraft:lightning_rod":2,"aether:mimic_spawn_egg":1,"create:copper_backtank":2,"minecraft:stone_button":2,"minecraft:lectern":1,"minecraft:wooden_sword":45,"minecraft:bubble_coral_block":6,"apollyon:the_damned_spawn_egg":3,"create:framed_glass":3,"alexsmobs:rainbow_glass":4,"chipped:slotted_dark_oak_trapdoor":3,"reliquary:destruction_catalyst":1,"mowziesmobs:blowgun":6,"twilightforest:swarm_spider_spawn_egg":1,"alexsmobs:spawn_egg_cockroach":2,"minecraft:netherrack":440,"minecraft:ancient_debris":3,"minecraft:anvil":1,"born_in_chaos_v1:bonescaller_not_despawn_spawn_egg":1,"minecraft:nether_brick_slab":79,"simplyswords:tainted_relic":1,"minecraft:nether_brick_stairs":168,"create:gearbox":18,"minecraft:spruce_button":1,"minecraft:warped_fence":24,"lcm:coil_head_spawn_egg":1,"chipped:donut_lantern":1,"minecraft:smooth_quartz":65,"minecraft:totem_of_undying":2,"create:encased_chain_drive":1,"minecraft:glowstone":63,"another_furniture:black_stool":13,"minecraft:cobbled_deepslate":33,"minecraft:observer":28,"minecraft:water_bucket":624,"minecraft:dirt_path":1,"chipped:end_purple_carved_pumpkin":1,"minecraft:horse_spawn_egg":1,"minecraft:polished_blackstone_bricks":85,"minecraft:mossy_cobblestone":1,"minecraft:lime_terracotta":28,"minecraft:comparator":6,"create:encased_fan":11,"minecraft:tnt":29,"minecraft:crafting_table":43,"minecraft:birch_sign":8,"minecraft:cod":1,"chipped:smiling_jack_o_lantern":2,"minecraft:oak_log":30,"create:track":216,"chipped:purple_paper_lantern":1,"create:water_wheel":7,"chipped:clear_leaded_glass":194,"minecraft:chiseled_stone_bricks":12,"minecraft:cobblestone":1621,"travelersbackpack:standard":9,"minecraft:glass_pane":10,"minecraft:kelp":449,"relics:relic_experience_bottle":3,"arphex:giant_web_spawn_egg":3,"create:scorchia":11,"minecraft:shield":24,"minecraft:white_terracotta":1,"minecraft:player_head":21,"create:analog_lever":3,"minecraft:sculk_sensor":11,"born_in_chaos_v1:purple_stained_glass_panel":3,"minecraft:nether_bricks":17,"minecraft:axolotl_bucket":4,"create:mechanical_roller":17,"minecraft:glass":822,"minecraft:coal_ore":1,"lcm:bunker_spider_spawn_egg":1,"minecraft:quartz_slab":5,"chipped:checkered_oak_trapdoor":1,"minecraft:stone_bricks":508,"minecraft:repeater":56,"minecraft:redstone_lamp":20,"minecraft:scaffolding":402,"minecraft:golden_boots":1,"chipped:decorated_red_terracotta":1,"minecraft:chiseled_polished_blackstone":260,"lcm:earthleviathanspawner_spawn_egg":3,"twilightforest:hedge_spider_spawn_egg":1,"minecraft:ender_pearl":3,"minecraft:redstone_block":36,"born_in_chaos_v1:diamond_termite_spawn_egg":1,"another_furniture:cherry_flower_box":15,"create:track_station":16,"create:flywheel":12,"alexsmobs:spawn_egg_mimic_octopus":1,"minecraft:sponge":64,"minecraft:note_block":20,"minecraft:stone_brick_wall":110,"minecraft:shears":82,"simplyswords:mjolnir":14,"minecraft:redstone_torch":120,"chipped:cross_laced_spruce_planks":261,"minecraft:firework_rocket":186,"chipped:vertical_leaded_glass_pane":4,"minecraft:string":1,"minecraft:gravel":1,"lcm:masked_spawn_egg":2,"create:track_signal":1,"minecraft:andesite":134,"mcwdoors:jungle_waffle_door":1,"immersive_aircraft:gyrodyne":2,"create:framed_glass_door":16,"celestisynth:frostbound":1,"minecraft:experience_bottle":10,"croptopia:corn":1,"mcwdoors:birch_western_door":1,"minecraft:oak_fence":48,"minecraft:trident":12,"create:wooden_bracket":2,"morebows:diamond_bow":2103,"minecraft:spruce_planks":820,"another_furniture:white_stool":37,"create:andesite_door":17,"minecraft:white_carpet":43,"minecraft:hopper":24,"minecraft:spruce_stairs":72,"minecraft:cobblestone_wall":42,"create:mechanical_plough":2,"create:chute":69,"minecraft:stone_brick_slab":16,"minecraft:dark_oak_planks":2,"minecraft:bookshelf":12,"create:metal_bracket":51,"minecraft:cherry_trapdoor":64,"minecraft:polished_blackstone_brick_stairs":411,"minecraft:golden_carrot":256,"minecraft:stone_pressure_plate":1,"simplyswords:soulstealer":21,"minecraft:horn_coral_block":4,"born_in_chaos_v1:door_knight_not_despawn_spawn_egg":2,"minecraft:brown_bed":2,"minecraft:brain_coral_block":3,"hammered:diamond_hammer":1351,"simplyswords:diamond_katana":657,"cave_dweller:cave_dweller_spawn_egg":5,"minecraft:netherite_chestplate":1,"minecraft:cobblestone_slab":250,"minecraft:glow_item_frame":34,"create:mechanical_harvester":10,"lcm:nutcracker_spawn_egg":1,"minecraft:purple_stained_glass":24,"minecraft:apple":3,"create:windmill_bearing":26,"pvz_zengarden:gardening_table":1,"born_in_chaos_v1:infernal_spirit_spawn_egg":1,"minecraft:bucket":360,"create:hand_crank":1,"minecraft:purple_carpet":37,"minecraft:smooth_stone":19,"minecraft:splash_potion":1,"born_in_chaos_v1:decaying_zombie_not_despawn_spawn_egg":1},"minecraft:mined":{"minecraft:red_nether_bricks":2,"minecraft:nether_wart":6,"minecraft:spawner":43,"minecraft:polished_blackstone_bricks":36,"minecraft:magma_block":9,"chipped:anguished_carved_pumpkin":1,"minecraft:fire":31,"minecraft:cobbled_deepslate":1,"minecraft:deepslate_lapis_ore":2,"minecraft:spruce_pressure_plate":2,"minecraft:light_gray_concrete":12,"minecraft:player_head":11,"minecraft:cut_sandstone":1,"chipped:tall_lantern":1,"minecraft:kelp_plant":6,"minecraft:crimson_nylium":8,"minecraft:note_block":4,"minecraft:torch":91,"croptopia:oat_crop":1,"minecraft:dead_bush":1,"minecraft:spruce_wall_sign":5,"minecraft:white_terracotta":43,"minecraft:chain":4,"antlers:bloody_pig":1,"iceandfire:dragonforge_ice_input":1,"minecraft:grass":315,"minecraft:smooth_quartz":1076,"minecraft:mangrove_log":24,"minecraft:smooth_basalt":45,"minecraft:deepslate":54,"another_furniture:white_stool":25,"minecraft:mossy_cobblestone":2,"minecraft:cherry_sapling":5,"minecraft:dark_oak_log":12,"minecraft:spruce_fence":6,"minecraft:redstone_wire":4,"create:encased_fan":1,"minecraft:potted_bamboo":4,"minecraft:red_mushroom":1,"croptopia:corn_crop":1,"minecraft:andesite":9806,"minecraft:green_terracotta":192,"minecraft:big_dripleaf_stem":1,"minecraft:cobblestone_slab":39,"minecraft:vine":1,"minecraft:rail":2,"chipped:cornered_mangrove_planks":51,"minecraft:fire_coral_block":1,"minecraft:glass_pane":2,"minecraft:soul_sand":44,"croptopia:lettuce_crop":14,"minecraft:dandelion":2,"minecraft:polished_blackstone_brick_wall":2,"minecraft:warped_roots":2,"minecraft:campfire":1,"minecraft:lightning_rod":2,"minecraft:copper_ore":62,"minecraft:tall_grass":155,"minecraft:diorite":18,"minecraft:warped_wart_block":1,"minecraft:purple_wool":82,"minecraft:coarse_dirt":51,"minecraft:cobblestone_wall":7,"chipped:end_purple_carved_pumpkin":1,"chipped:stacked_mangrove_planks":41,"minecraft:gravel":114,"minecraft:cobweb":11,"minecraft:stone_bricks":128,"minecraft:fern":49,"minecraft:stone_pressure_plate":1,"minecraft:farmland":25,"another_furniture:warped_table":6,"minecraft:spruce_trapdoor":19,"minecraft:cracked_polished_blackstone_bricks":16,"iceandfire:dread_spawner":4,"minecraft:gilded_blackstone":1,"minecraft:brown_bed":1,"minecraft:flowering_azalea_leaves":1,"minecraft:iron_bars":1,"minecraft:spruce_slab":58,"minecraft:nether_quartz_ore":78,"minecraft:wall_torch":7,"create:large_water_wheel":1,"minecraft:warped_nylium":16,"minecraft:warped_planks":188,"minecraft:blue_ice":6,"minecraft:tnt":1,"minecraft:smooth_stone_slab":33,"minecraft:oak_log":285,"minecraft:lime_terracotta":68,"minecraft:dirt":1254,"minecraft:dispenser":2,"minecraft:ancient_debris":5,"minecraft:stripped_mangrove_log":75,"minecraft:glow_lichen":2,"minecraft:spruce_leaves":320,"minecraft:birch_slab":1,"minecraft:crimson_stem":4,"minecraft:hay_block":1,"minecraft:peony":1,"minecraft:gold_block":19,"minecraft:nether_brick_fence":6,"minecraft:wet_sponge":12,"minecraft:scaffolding":136,"minecraft:basalt":33,"create:track":61,"minecraft:oak_fence":9,"minecraft:honey_block":1,"minecraft:stone_slab":16,"minecraft:ice":38,"minecraft:mangrove_planks":4,"chipped:smiling_jack_o_lantern":1,"minecraft:cherry_leaves":2,"croptopia:kiwi_crop":1,"minecraft:flower_pot":1,"minecraft:dark_oak_planks":5,"minecraft:cherry_log":70,"minecraft:warped_stairs":67,"minecraft:obsidian":31,"minecraft:stone_brick_wall":49,"torchmaster:feral_flare_lantern":1,"minecraft:bubble_coral_block":1,"minecraft:tube_coral_block":3,"minecraft:hopper":9,"minecraft:weeping_vines_plant":6,"chipped:nether_jack_o_lantern":2,"minecraft:sticky_piston":1,"minecraft:dirt_path":4,"minecraft:piston_head":1,"minecraft:brown_mushroom":6,"minecraft:soul_fire":11,"create:scoria":30,"chipped:cross_laced_spruce_planks":1,"minecraft:glass":24,"minecraft:spruce_sign":4,"chipped:overjoyed_carved_pumpkin":1,"minecraft:warped_fungus":2,"minecraft:loom":2,"minecraft:yellow_terracotta":42,"minecraft:nether_bricks":24,"minecraft:crimson_roots":1,"minecraft:kelp":3,"minecraft:moss_block":64,"croptopia:peach_crop":3,"minecraft:warped_trapdoor":29,"minecraft:bamboo":338,"minecraft:bamboo_sapling":2,"chipped:owo_carved_pumpkin":1,"minecraft:mangrove_stairs":24,"chipped:donut_lantern":1,"minecraft:brown_stained_glass_pane":2,"minecraft:stone_brick_slab":1,"minecraft:observer":4,"minecraft:spruce_button":1,"minecraft:sponge":6,"create:water_wheel_structure":2,"croptopia:walnut_crop":1,"create:experience_block":1,"chipped:nether_carved_pumpkin":1,"minecraft:spruce_log":2055,"minecraft:birch_leaves":45,"minecraft:waxed_cut_copper_slab":1,"create:deepslate_zinc_ore":4,"minecraft:spruce_planks":193,"minecraft:cobblestone_stairs":12,"minecraft:cherry_trapdoor":2,"minecraft:dead_tube_coral_block":1,"chipped:clear_leaded_glass":2,"minecraft:grass_block":1210,"minecraft:mangrove_fence":53,"minecraft:soul_soil":23,"minecraft:glowstone":66,"another_furniture:spruce_drawer":3,"minecraft:iron_ore":17,"minecraft:anvil":1,"minecraft:purple_carpet":1,"minecraft:azalea_leaves":1,"minecraft:brain_coral_block":1,"chipped:vertical_disordered_dirt_bricks":4,"minecraft:blackstone":80,"minecraft:dead_bubble_coral_block":2,"minecraft:chiseled_quartz_block":1,"iceandfire:dragon_ice_spikes":2,"chipped:pillar_dirt_bricks":3,"minecraft:calcite":5,"minecraft:poppy":19,"minecraft:chest":14,"minecraft:cobblestone":791,"minecraft:honeycomb_block":41,"minecraft:pink_petals":2,"minecraft:seagrass":2,"minecraft:nether_wart_block":105,"minecraft:birch_log":454,"croptopia:chile_pepper_crop":10,"minecraft:sand":1063,"minecraft:netherrack":1185,"minecraft:oak_leaves":384,"minecraft:horn_coral_block":2,"minecraft:redstone_lamp":9,"minecraft:nether_gold_ore":13,"minecraft:red_carpet":1,"minecraft:tuff":3,"minecraft:potted_wither_rose":2,"minecraft:deepslate_diamond_ore":25,"minecraft:gray_stained_glass_pane":2,"minecraft:sandstone":6,"minecraft:large_fern":23,"minecraft:oak_trapdoor":314,"create:scorchia":27,"minecraft:stripped_spruce_log":7,"create:windmill_bearing":9,"minecraft:lantern":7,"chipped:purple_paper_lantern":1,"minecraft:packed_ice":16,"minecraft:stone":2874,"minecraft:redstone_wall_torch":1,"minecraft:podzol":2,"minecraft:spruce_door":1,"minecraft:crafting_table":28,"minecraft:cyan_stained_glass_pane":1,"minecraft:sculk_sensor":3,"minecraft:lectern":1,"minecraft:lapis_ore":1,"minecraft:sculk":22,"minecraft:spruce_stairs":19,"minecraft:cactus":5,"minecraft:redstone_torch":2,"minecraft:sweet_berry_bush":33,"minecraft:coal_ore":145,"minecraft:gray_carpet":1,"minecraft:warped_slab":234},"minecraft:crafted":{"immersive_aircraft:engine":2,"minecraft:nether_brick":3,"minecraft:diamond_helmet":2,"another_furniture:spruce_drawer":6,"minecraft:warped_stairs":68,"minecraft:redstone_lamp":8,"minecraft:glow_item_frame":3,"minecraft:sticky_piston":2,"croptopia:kiwi_seed":1,"minecraft:golden_leggings":1,"minecraft:stone_slab":12,"minecraft:netherite_ingot":3,"minecraft:jack_o_lantern":1,"hole_filler_mod:throwable_hole_filler_water":4,"minecraft:spruce_boat":1,"minecraft:purple_carpet":26,"minecraft:enchanting_table":1,"immersive_aircraft:nether_engine":1,"minecraft:cobblestone_slab":762,"minecraft:warped_planks":1192,"minecraft:stone_brick_slab":12,"minecraft:mangrove_fence":54,"hole_filler_mod:throwable_hole_filler":64,"minecraft:comparator":2,"immersive_aircraft:hull":6,"minecraft:chest":31,"minecraft:netherite_helmet":1,"minecraft:stone_bricks":1084,"minecraft:golden_boots":2,"minecraft:tnt":60,"minecraft:spruce_trapdoor":72,"minecraft:purple_dye":26,"minecraft:stick":400,"minecraft:iron_ingot":33,"croptopia:chile_pepper_seed":10,"minecraft:stone_brick_wall":60,"minecraft:spruce_button":1,"minecraft:furnace":9,"minecraft:blast_furnace":1,"minecraft:piston":6,"minecraft:flint_and_steel":1,"minecraft:scaffolding":216,"minecraft:netherite_chestplate":1,"minecraft:cobblestone_wall":60,"minecraft:birch_sign":9,"immersive_aircraft:enhanced_propeller":1,"minecraft:mangrove_planks":552,"minecraft:anvil":1,"minecraft:torch":384,"minecraft:diamond_chestplate":3,"immersive_aircraft:hull_reinforcement":1,"minecraft:smooth_stone":3,"another_furniture:warped_table":15,"minecraft:oak_pressure_plate":3,"minecraft:birch_slab":12,"minecraft:lever":3,"hammered:diamond_hammer":1,"minecraft:glass":192,"minecraft:repeater":1,"minecraft:diamond_leggings":1,"minecraft:netherite_boots":1,"minecraft:mangrove_stairs":132,"minecraft:flower_pot":10,"minecraft:copper_ingot":64,"immersive_aircraft:propeller":2,"minecraft:iron_block":3,"minecraft:gold_ingot":3,"hangglider:reinforced_hang_glider":1,"immersive_aircraft:biplane":1,"minecraft:bone_meal":315,"minecraft:white_carpet":33,"minecraft:warped_trapdoor":54,"minecraft:cherry_trapdoor":64,"minecraft:spruce_slab":282,"another_furniture:white_stool":30,"minecraft:diamond_boots":2,"minecraft:redstone_block":1,"minecraft:dark_oak_planks":16,"minecraft:wheat":9,"immersive_aircraft:industrial_gears":2,"minecraft:glowstone":37,"immersive_aircraft:bomb_bay":1,"simplyswords:diamond_claymore":1,"minecraft:brick":95,"minecraft:oak_planks":128,"minecraft:dark_oak_boat":1,"minecraft:cobblestone_stairs":8,"minecraft:spruce_pressure_plate":17,"minecraft:hopper":9,"minecraft:netherite_upgrade_smithing_template":2,"minecraft:item_frame":6,"minecraft:crafting_table":14,"minecraft:spruce_planks":1636,"immersive_aircraft:rotary_cannon":1,"minecraft:birch_planks":20,"minecraft:shield":2,"minecraft:warped_slab":774,"disenchanting:disenchanter":1,"minecraft:redstone_torch":36,"minecraft:shears":3,"minecraft:cherry_planks":196,"minecraft:wooden_sword":1,"minecraft:diamond_block":7,"minecraft:warped_fence":30,"minecraft:netherite_leggings":1,"minecraft:iron_hoe":1,"minecraft:red_dye":13,"minecraft:crimson_planks":20,"minecraft:spruce_sign":21,"immersive_aircraft:boiler":2,"minecraft:bowl":4,"minecraft:bucket":9,"minecraft:air":0,"minecraft:blue_dye":13,"croptopia:lettuce_seed":11,"minecraft:lapis_lazuli":90,"minecraft:clay":16}},"DataVersion":3465}