{"stats":{"minecraft:picked_up":{"pvz_zengarden:zengarden_guide":1,"minecraft:stick":2,"minecraft:oak_log":10},"minecraft:custom":{"minecraft:jump":16,"minecraft:time_since_rest":2443,"minecraft:sprint_one_cm":2328,"minecraft:play_time":2443,"minecraft:time_since_death":2443,"minecraft:walk_one_cm":6013,"minecraft:sneak_time":12,"minecraft:total_world_time":2443,"minecraft:fly_one_cm":2628},"minecraft:used":{"alexsmobs:animal_dictionary":1},"minecraft:mined":{"minecraft:oak_log":10}},"DataVersion":3465}