{"stats":{"minecraft:crafted":{"minecraft:oak_planks":60,"iceandfire:armor_sapphire_helmet":1,"minecraft:crafting_table":2,"iceandfire:armor_sapphire_chestplate":1,"minecraft:iron_sword":1,"minecraft:bone":24,"minecraft:stone_axe":1,"minecraft:stick":8,"minecraft:iron_pickaxe":1,"minecraft:wooden_axe":1,"minecraft:chest":2,"minecraft:torch":36,"minecraft:stone_hoe":3,"iceandfire:armor_green_boots":1},"minecraft:broken":{"minecraft:stone_hoe":3},"minecraft:dropped":{"iceandfire:silver_nugget":12,"minecraft:diamond":1,"alexscaves:cave_tablet":3,"minecraft:rotten_flesh":16,"alexscaves:spelunkery_table":1,"minecraft:stone_slab":9,"iceandfire:armor_green_boots":1,"born_in_chaos_v1:monster_skin":1,"minecraft:andesite":2,"born_in_chaos_v1:corpse_maggot":5,"minecraft:spider_eye":1,"minecraft:slime_ball":1,"minecraft:paper":1,"iceandfire:manuscript":4},"minecraft:custom":{"minecraft:mob_kills":29,"minecraft:interact_with_crafting_table":13,"minecraft:open_barrel":28,"minecraft:interact_with_loom":11,"minecraft:damage_dealt_resisted":2461,"minecraft:time_since_death":818,"minecraft:sleep_in_bed":1,"minecraft:time_since_rest":852,"minecraft:sprint_one_cm":153975,"minecraft:damage_taken":1041,"minecraft:walk_one_cm":204444,"minecraft:drop":17,"minecraft:damage_dealt":5581,"minecraft:swim_one_cm":2905,"minecraft:fly_one_cm":204882,"minecraft:open_chest":18,"minecraft:crouch_one_cm":6942,"minecraft:play_time":80443,"minecraft:deaths":1,"minecraft:sneak_time":2940,"minecraft:walk_under_water_one_cm":863,"minecraft:jump":1007,"minecraft:walk_on_water_one_cm":3871,"minecraft:total_world_time":80443,"minecraft:fall_one_cm":27912},"minecraft:picked_up":{"born_in_chaos_v1:fused_bone":1,"born_in_chaos_v1:corpse_maggot":5,"minecraft:crafting_table":4,"born_in_chaos_v1:monster_flesh":3,"croptopia:peach":49,"minecraft:andesite":16,"minecraft:leather":2,"minecraft:stone_slab":18,"alexscaves:cave_book":1,"minecraft:tuff":5,"minecraft:oak_log":89,"iceandfire:manuscript":4,"minecraft:paper":3,"minecraft:string":13,"antlers:tomahawkitem":50,"iceandfire:armor_green_leggings":1,"born_in_chaos_v1:monster_skin":9,"minecraft:bone":4,"minecraft:apple":25,"minecraft:wheat_seeds":7,"minecraft:gold_nugget":8,"minecraft:cobbled_deepslate":28,"minecraft:raw_gold":4,"minecraft:beef":4,"minecraft:iron_ingot":7,"born_in_chaos_v1:gnawed_bones":4,"iceandfire:armor_bronze_boots":1,"minecraft:oak_planks":1,"minecraft:book":3,"minecraft:stick":14,"minecraft:raw_iron":45,"iceandfire:dragonscales_green":7,"minecraft:cooked_porkchop":4,"mca:comb":1,"minecraft:torch":1,"iceandfire:dragonscales_sapphire":14,"mca:needle_and_thread":1,"born_in_chaos_v1:fangofthe_hound_leader":2,"minecraft:carrot":1,"minecraft:spider_eye":1,"minecraft:arrow":4,"minecraft:rotten_flesh":16,"minecraft:slime_ball":2,"minecraft:diamond":17,"croptopia:orange":21,"alexscaves:spelunkery_table":2,"pvz_zengarden:zengarden_guide":1,"minecraft:emerald":1,"reliquary:mob_charm_fragment":1,"iceandfire:silver_nugget":12,"minecraft:oak_sapling":27,"minecraft:coal":55,"minecraft:cobblestone":34},"minecraft:killed_by":{"iceandfire:ice_dragon":1},"minecraft:used":{"minecraft:chest":2,"iceandfire:armor_sapphire_helmet":1,"minecraft:iron_sword":155,"minecraft:stone_hoe":393,"minecraft:torch":28,"minecraft:carrot":1,"minecraft:crafting_table":5,"alexscaves:cave_book":1,"minecraft:oak_log":10,"minecraft:wooden_axe":18,"minecraft:apple":21,"minecraft:iron_pickaxe":199,"minecraft:stone_axe":12,"minecraft:cobblestone":25,"croptopia:peach":1,"minecraft:cooked_porkchop":4,"minecraft:andesite":12,"alexsmobs:animal_dictionary":1,"minecraft:cobbled_deepslate":4},"minecraft:killed":{"born_in_chaos_v1:baby_skeleton":1,"born_in_chaos_v1:swarmer":1,"minecraft:spider":2,"lcm:jester":1,"born_in_chaos_v1:siamese_skeletonsright":1,"born_in_chaos_v1:maggot":5,"naturalist:snail":1,"minecraft:skeleton":3,"minecraft:zombie":3,"born_in_chaos_v1:dread_hound":4,"born_in_chaos_v1:corpse_fly":4,"cave_dweller:cave_dweller":1,"born_in_chaos_v1:door_knight":1,"born_in_chaos_v1:siamese_skeletonsleft":1},"minecraft:mined":{"alexscaves:spelunkery_table":1,"minecraft:tuff":2,"minecraft:deepslate_diamond_ore":11,"minecraft:sculk_vein":7,"iceandfire:dragon_ice_spikes":6,"minecraft:crafting_table":4,"minecraft:emerald_ore":1,"minecraft:sculk_sensor":6,"minecraft:stone_slab":9,"minecraft:tall_grass":4,"minecraft:deepslate_gold_ore":4,"minecraft:oak_planks":1,"minecraft:sculk":378,"minecraft:sculk_catalyst":5,"minecraft:iron_ore":45,"minecraft:andesite":12,"minecraft:grass":5,"minecraft:bookshelf":1,"minecraft:oak_log":88,"minecraft:coal_ore":54,"minecraft:cobweb":12,"minecraft:stone":35,"minecraft:deepslate":20}},"DataVersion":3465}