{"stats":{"minecraft:crafted":{"minecraft:oak_planks":60,"iceandfire:armor_sapphire_helmet":1,"minecraft:crafting_table":2,"iceandfire:armor_sapphire_chestplate":1,"minecraft:iron_sword":1,"minecraft:bone":24,"minecraft:stone_axe":1,"minecraft:stick":8,"minecraft:iron_pickaxe":1,"minecraft:wooden_axe":1,"minecraft:chest":2,"minecraft:torch":36,"minecraft:stone_hoe":3,"iceandfire:armor_green_boots":1},"minecraft:broken":{"minecraft:stone_hoe":2},"minecraft:dropped":{"minecraft:diamond":1,"iceandfire:armor_green_boots":1,"born_in_chaos_v1:monster_skin":1,"minecraft:andesite":2,"born_in_chaos_v1:corpse_maggot":5,"iceandfire:manuscript":4},"minecraft:custom":{"minecraft:mob_kills":29,"minecraft:interact_with_crafting_table":13,"minecraft:open_barrel":19,"minecraft:interact_with_loom":1,"minecraft:damage_dealt_resisted":2461,"minecraft:time_since_death":62443,"minecraft:time_since_rest":62443,"minecraft:sprint_one_cm":126909,"minecraft:damage_taken":606,"minecraft:walk_one_cm":165387,"minecraft:drop":6,"minecraft:damage_dealt":5481,"minecraft:swim_one_cm":2905,"minecraft:fly_one_cm":179679,"minecraft:open_chest":17,"minecraft:crouch_one_cm":4706,"minecraft:play_time":62443,"minecraft:sneak_time":2053,"minecraft:walk_under_water_one_cm":863,"minecraft:jump":855,"minecraft:walk_on_water_one_cm":3871,"minecraft:total_world_time":62443,"minecraft:fall_one_cm":23402},"minecraft:picked_up":{"born_in_chaos_v1:fused_bone":1,"born_in_chaos_v1:corpse_maggot":5,"minecraft:crafting_table":4,"born_in_chaos_v1:monster_flesh":3,"croptopia:peach":49,"minecraft:andesite":6,"minecraft:leather":2,"minecraft:stone_slab":9,"alexscaves:cave_book":1,"minecraft:tuff":5,"minecraft:oak_log":89,"iceandfire:manuscript":4,"minecraft:string":1,"antlers:tomahawkitem":1,"iceandfire:armor_green_leggings":1,"born_in_chaos_v1:monster_skin":9,"minecraft:bone":4,"minecraft:apple":25,"minecraft:wheat_seeds":7,"minecraft:gold_nugget":8,"minecraft:cobbled_deepslate":24,"minecraft:raw_gold":4,"minecraft:beef":4,"minecraft:iron_ingot":7,"born_in_chaos_v1:gnawed_bones":4,"iceandfire:armor_bronze_boots":1,"minecraft:oak_planks":1,"minecraft:book":3,"minecraft:stick":14,"minecraft:raw_iron":45,"iceandfire:dragonscales_green":7,"minecraft:cooked_porkchop":4,"mca:comb":1,"iceandfire:dragonscales_sapphire":14,"mca:needle_and_thread":1,"born_in_chaos_v1:fangofthe_hound_leader":2,"minecraft:carrot":1,"minecraft:spider_eye":1,"minecraft:arrow":4,"minecraft:rotten_flesh":8,"minecraft:slime_ball":2,"minecraft:diamond":8,"croptopia:orange":21,"alexscaves:spelunkery_table":1,"pvz_zengarden:zengarden_guide":1,"reliquary:mob_charm_fragment":1,"minecraft:oak_sapling":27,"minecraft:coal":55,"minecraft:cobblestone":34},"minecraft:used":{"minecraft:chest":2,"iceandfire:armor_sapphire_helmet":1,"minecraft:iron_sword":141,"minecraft:stone_hoe":313,"minecraft:torch":25,"minecraft:crafting_table":5,"alexscaves:cave_book":1,"minecraft:oak_log":10,"minecraft:wooden_axe":18,"minecraft:apple":20,"minecraft:iron_pickaxe":169,"minecraft:stone_axe":10,"croptopia:peach":1,"minecraft:cooked_porkchop":4,"minecraft:andesite":2,"alexsmobs:animal_dictionary":1},"minecraft:killed":{"born_in_chaos_v1:baby_skeleton":1,"born_in_chaos_v1:swarmer":1,"minecraft:spider":2,"lcm:jester":1,"born_in_chaos_v1:siamese_skeletonsright":1,"born_in_chaos_v1:maggot":5,"naturalist:snail":1,"minecraft:skeleton":3,"minecraft:zombie":3,"born_in_chaos_v1:dread_hound":4,"born_in_chaos_v1:corpse_fly":4,"cave_dweller:cave_dweller":1,"born_in_chaos_v1:door_knight":1,"born_in_chaos_v1:siamese_skeletonsleft":1},"minecraft:mined":{"alexscaves:spelunkery_table":1,"minecraft:tuff":2,"minecraft:deepslate_diamond_ore":2,"minecraft:sculk_vein":5,"minecraft:crafting_table":4,"minecraft:sculk_sensor":6,"minecraft:stone_slab":9,"minecraft:tall_grass":4,"minecraft:deepslate_gold_ore":4,"minecraft:oak_planks":1,"minecraft:sculk":298,"minecraft:sculk_catalyst":4,"minecraft:iron_ore":45,"minecraft:andesite":2,"minecraft:grass":5,"minecraft:bookshelf":1,"minecraft:oak_log":88,"minecraft:coal_ore":54,"minecraft:stone":35,"minecraft:deepslate":16}},"DataVersion":3465}