{"stats":{"minecraft:crafted":{"minecraft:oak_planks":60,"iceandfire:armor_sapphire_helmet":1,"minecraft:crafting_table":2,"iceandfire:armor_sapphire_chestplate":1,"minecraft:iron_sword":1,"minecraft:bone":24,"minecraft:stone_axe":1,"minecraft:stick":8,"minecraft:iron_pickaxe":1,"minecraft:wooden_axe":1,"minecraft:chest":2,"minecraft:torch":36,"minecraft:stone_hoe":3,"iceandfire:armor_green_boots":1},"minecraft:broken":{"minecraft:stone_hoe":1},"minecraft:dropped":{"minecraft:diamond":1,"iceandfire:armor_green_boots":1,"born_in_chaos_v1:monster_skin":1,"iceandfire:manuscript":4},"minecraft:custom":{"minecraft:mob_kills":14,"minecraft:interact_with_crafting_table":13,"minecraft:damage_dealt_resisted":1195,"minecraft:time_since_death":50443,"minecraft:time_since_rest":50443,"minecraft:sprint_one_cm":93761,"minecraft:damage_taken":272,"minecraft:walk_one_cm":125277,"minecraft:drop":4,"minecraft:damage_dealt":3018,"minecraft:swim_one_cm":1869,"minecraft:fly_one_cm":131278,"minecraft:open_chest":17,"minecraft:crouch_one_cm":3773,"minecraft:play_time":50443,"minecraft:sneak_time":1884,"minecraft:walk_under_water_one_cm":708,"minecraft:jump":634,"minecraft:walk_on_water_one_cm":1333,"minecraft:total_world_time":50443,"minecraft:fall_one_cm":15111},"minecraft:picked_up":{"born_in_chaos_v1:fused_bone":1,"born_in_chaos_v1:corpse_maggot":1,"minecraft:crafting_table":4,"born_in_chaos_v1:monster_flesh":3,"croptopia:peach":49,"minecraft:andesite":4,"minecraft:leather":2,"minecraft:stone_slab":9,"minecraft:oak_log":89,"iceandfire:manuscript":4,"antlers:tomahawkitem":1,"iceandfire:armor_green_leggings":1,"born_in_chaos_v1:monster_skin":9,"minecraft:bone":3,"minecraft:apple":25,"minecraft:wheat_seeds":7,"minecraft:gold_nugget":8,"minecraft:cobbled_deepslate":1,"minecraft:raw_gold":4,"minecraft:beef":4,"minecraft:iron_ingot":7,"born_in_chaos_v1:gnawed_bones":4,"iceandfire:armor_bronze_boots":1,"minecraft:oak_planks":1,"minecraft:stick":14,"minecraft:raw_iron":45,"iceandfire:dragonscales_green":7,"minecraft:cooked_porkchop":4,"mca:comb":1,"iceandfire:dragonscales_sapphire":14,"mca:needle_and_thread":1,"born_in_chaos_v1:fangofthe_hound_leader":2,"minecraft:carrot":1,"minecraft:arrow":4,"minecraft:rotten_flesh":2,"minecraft:slime_ball":1,"minecraft:diamond":6,"croptopia:orange":21,"pvz_zengarden:zengarden_guide":1,"minecraft:oak_sapling":27,"minecraft:coal":55,"minecraft:cobblestone":34},"minecraft:used":{"minecraft:chest":2,"iceandfire:armor_sapphire_helmet":1,"minecraft:iron_sword":72,"minecraft:stone_hoe":181,"minecraft:torch":20,"minecraft:crafting_table":5,"minecraft:oak_log":10,"minecraft:wooden_axe":18,"minecraft:apple":10,"minecraft:iron_pickaxe":151,"minecraft:stone_axe":8,"croptopia:peach":1,"minecraft:cooked_porkchop":3,"minecraft:andesite":2,"alexsmobs:animal_dictionary":1},"minecraft:killed":{"lcm:jester":1,"born_in_chaos_v1:siamese_skeletonsright":1,"born_in_chaos_v1:maggot":1,"naturalist:snail":1,"minecraft:skeleton":3,"minecraft:zombie":1,"born_in_chaos_v1:dread_hound":4,"born_in_chaos_v1:door_knight":1,"born_in_chaos_v1:siamese_skeletonsleft":1},"minecraft:mined":{"minecraft:deepslate_diamond_ore":1,"minecraft:sculk_vein":4,"minecraft:crafting_table":4,"minecraft:sculk_sensor":4,"minecraft:stone_slab":9,"minecraft:tall_grass":4,"minecraft:deepslate_gold_ore":4,"minecraft:oak_planks":1,"minecraft:sculk":170,"minecraft:sculk_catalyst":3,"minecraft:iron_ore":45,"minecraft:andesite":2,"minecraft:grass":5,"minecraft:oak_log":88,"minecraft:coal_ore":54,"minecraft:stone":35,"minecraft:deepslate":1}},"DataVersion":3465}