{"stats":{"minecraft:mined":{"minecraft:white_bed":3,"minecraft:sculk_vein":7,"a_man_with_plushies:blue_pikmin_plush":1,"minecraft:grass_block":487,"minecraft:spawner":2,"minecraft:magma_block":1,"minecraft:sculk_catalyst":5,"minecraft:cobbled_deepslate":4,"minecraft:iron_ore":55,"minecraft:barrel":1,"minecraft:fire":25,"minecraft:pink_tulip":7,"minecraft:green_bed":1,"alexscaves:amber":46,"minecraft:red_bed":1,"iceandfire:dragon_ice_spikes":24,"minecraft:torch":2,"minecraft:glass":2,"minecraft:cobblestone":38,"minecraft:sugar_cane":12,"minecraft:oak_planks":1,"minecraft:wall_torch":1,"minecraft:grass":54,"minecraft:oak_log":133,"minecraft:sand":17,"minecraft:dirt":383,"minecraft:netherrack":45,"minecraft:deepslate":36,"minecraft:diamond_ore":3,"alexscaves:spelunkery_table":1,"minecraft:tuff":2,"disenchanting:disenchanter":1,"minecraft:deepslate_diamond_ore":11,"iceandfire:frozen_cobblestone":1,"born_in_chaos_v1:infected_diamond_ore":1,"minecraft:allium":13,"iceandfire:frozen_stone":8,"minecraft:hay_block":15,"minecraft:oxidized_cut_copper":4,"minecraft:snow":6,"minecraft:andesite":12,"minecraft:gold_block":1,"minecraft:bookshelf":1,"minecraft:oxidized_cut_copper_slab":2,"minecraft:white_tulip":1,"minecraft:stone":443,"minecraft:cornflower":6,"minecraft:crafting_table":4,"minecraft:emerald_ore":2,"minecraft:sculk_sensor":6,"minecraft:stone_slab":18,"minecraft:tall_grass":19,"minecraft:deepslate_gold_ore":4,"minecraft:sculk":378,"minecraft:ice":2,"minecraft:coal_ore":62,"minecraft:gravel":108,"minecraft:cobweb":15,"minecraft:fern":7},"minecraft:custom":{"minecraft:interact_with_crafting_table":50,"minecraft:open_barrel":61,"minecraft:leave_game":5,"minecraft:time_since_death":50203,"minecraft:sprint_one_cm":552266,"minecraft:drop":81,"minecraft:play_time":312068,"minecraft:deaths":6,"minecraft:jump":3556,"minecraft:walk_on_water_one_cm":55689,"minecraft:interact_with_furnace":23,"minecraft:interact_with_loom":11,"minecraft:sleep_in_bed":9,"minecraft:damage_dealt":15701,"minecraft:crouch_one_cm":14564,"minecraft:interact_with_smoker":11,"minecraft:inspect_dispenser":1,"minecraft:mob_kills":66,"minecraft:damage_dealt_resisted":4241,"minecraft:climb_one_cm":3506,"minecraft:walk_one_cm":806578,"minecraft:damage_dealt_absorbed":74,"minecraft:sneak_time":7993,"minecraft:walk_under_water_one_cm":21347,"minecraft:total_world_time":312068,"minecraft:time_since_rest":3677,"minecraft:damage_taken":2147483647,"minecraft:swim_one_cm":69866,"minecraft:fly_one_cm":870801,"minecraft:open_chest":374,"minecraft:fall_one_cm":87379},"minecraft:used":{"iceandfire:lectern":1,"minecraft:iron_shovel":262,"minecraft:chest":7,"minecraft:iron_sword":155,"minecraft:oxidized_cut_copper":4,"minecraft:carrot":1,"iceandfire:frozen_stone":5,"croptopia:peach":1,"minecraft:magma_block":1,"minecraft:bow":6,"minecraft:furnace":4,"minecraft:cooked_cod":11,"iceandfire:armor_green_leggings":1,"iceandfire:frozen_cobblestone":2,"iceandfire:armor_bronze_boots":1,"iceandfire:armor_sapphire_chestplate":1,"minecraft:oak_planks":4,"minecraft:diamond_axe":1,"minecraft:sand":17,"alexscaves:cave_book":1,"minecraft:oxidized_cut_copper_slab":2,"minecraft:bread":22,"iceandfire:ice_dragon_flesh":13,"minecraft:gravel":28,"minecraft:diamond_sword":230,"minecraft:andesite":12,"a_man_with_plushies:red_pikmin_plush":1,"minecraft:oak_fence":1,"minecraft:flint_and_steel":10,"born_in_chaos_v1:black_argillite":2,"minecraft:stone_hoe":393,"minecraft:netherrack":9,"minecraft:torch":56,"minecraft:dirt":185,"minecraft:wooden_axe":18,"minecraft:barrel":1,"iceandfire:dragonegg_gray":1,"minecraft:cooked_beef":4,"minecraft:cobbled_deepslate":22,"minecraft:enchanted_golden_apple":1,"minecraft:water_bucket":5,"iceandfire:fire_dragon_flesh":8,"iceandfire:armor_sapphire_helmet":2,"minecraft:green_bed":1,"minecraft:rail":1,"minecraft:crafting_table":6,"minecraft:red_bed":1,"disenchanting:disenchanter":2,"minecraft:white_bed":3,"minecraft:smoker":2,"minecraft:oak_log":10,"minecraft:apple":23,"minecraft:diamond_shovel":725,"minecraft:iron_pickaxe":834,"minecraft:stone_slab":2,"minecraft:stone_axe":12,"minecraft:cobblestone":104,"minecraft:cooked_porkchop":4,"minecraft:bucket":6,"alexsmobs:animal_dictionary":1},"minecraft:picked_up":{"minecraft:stone_slab":27,"minecraft:diamond_sword":1,"born_in_chaos_v1:black_argillite":2,"iceandfire:manuscript":4,"minecraft:string":19,"minecraft:raw_copper":8,"minecraft:gold_nugget":146,"minecraft:cobbled_deepslate":47,"minecraft:white_tulip":2,"minecraft:enchanted_golden_apple":1,"hangglider:hang_glider":1,"iceandfire:armor_bronze_boots":1,"minecraft:stick":20,"minecraft:oak_fence":1,"minecraft:torch":25,"minecraft:green_bed":1,"disenchanting:disenchanter":1,"minecraft:rotten_flesh":20,"iceandfire:dragonegg_bronze":2,"iceandfire:fire_dragon_heart":1,"create:asurine":1,"reliquary:mob_charm_fragment":1,"minecraft:snowball":6,"minecraft:cobblestone":479,"minecraft:enchanting_table":1,"botania:cyan_mushroom":1,"iceandfire:sapphire_gem":1,"minecraft:magma_block":1,"minecraft:feather":2,"born_in_chaos_v1:spiritual_dust":1,"minecraft:andesite":16,"minecraft:flint":14,"alexscaves:cave_book":1,"minecraft:tuff":5,"minecraft:dirt":869,"iceandfire:dragonscales_bronze":107,"antlers:tomahawkitem":126,"born_in_chaos_v1:monster_skin":9,"minecraft:leather_boots":1,"minecraft:bone":16,"botania:cyan_mystical_flower":2,"minecraft:bow":1,"minecraft:wheat_seeds":39,"minecraft:raw_gold":4,"iceandfire:dragon_meal":1,"minecraft:oak_planks":6,"minecraft:cooked_porkchop":4,"mca:comb":1,"croptopia:plum":11,"iceandfire:dragonscales_sapphire":72,"mca:needle_and_thread":1,"iceandfire:dragon_skull_fire":2,"iceandfire:shiny_scales":4,"minecraft:sand":22,"minecraft:oxidized_cut_copper_slab":2,"minecraft:barrel":1,"minecraft:diamond":21,"minecraft:lever":1,"minecraft:emerald":4,"iceandfire:gorgon_head":1,"minecraft:oak_sapling":40,"born_in_chaos_v1:rotten_fish":2,"minecraft:netherrack":41,"iceandfire:silver_nugget":66,"born_in_chaos_v1:diamond_termite_shard":2,"minecraft:crafting_table":4,"minecraft:allium":62,"minecraft:chicken":3,"croptopia:peach":62,"minecraft:clay_ball":32,"born_in_chaos_v1:seedof_chaos":1,"simplyswords:diamond_katana":1,"minecraft:gold_block":1,"iceandfire:frozen_cobblestone":2,"minecraft:cornflower":39,"iceandfire:frozen_stone":7,"minecraft:red_bed":1,"minecraft:moss_carpet":2,"iceandfire:armor_green_leggings":1,"iceandfire:bestiary":2,"minecraft:beef":6,"born_in_chaos_v1:gnawed_bones":5,"minecraft:iron_nugget":1,"minecraft:light_gray_wool":1,"minecraft:sugar_cane":31,"iceandfire:ice_dragon_heart":1,"iceandfire:dragonscales_green":7,"minecraft:raw_iron":59,"iceandfire:dragonscales_gray":52,"iceandfire:dragonbone":127,"reliquary:rib_bone":1,"minecraft:carrot":1,"iceandfire:dragon_skull_ice":4,"minecraft:arrow":13,"minecraft:diamond_chestplate":1,"iceandfire:dragonscales_silver":101,"minecraft:hay_block":15,"pvz_zengarden:zengarden_guide":1,"alexscaves:spelunkery_table":2,"minecraft:pink_tulip":88,"born_in_chaos_v1:spiny_shell":3,"minecraft:mutton":6,"minecraft:rail":6,"minecraft:white_wool":3,"minecraft:oxeye_daisy":10,"born_in_chaos_v1:fused_bone":1,"born_in_chaos_v1:corpse_maggot":5,"iceandfire:sea_serpent_fang":1,"born_in_chaos_v1:monster_flesh":3,"minecraft:leather":4,"botania:light_gray_mushroom":1,"minecraft:oak_log":136,"iceandfire:dragonegg_gray":2,"minecraft:gunpowder":2,"relics:spore_sack":3,"iceandfire:dragonscales_blue":8,"minecraft:paper":3,"alexscaves:amber":19,"minecraft:stone_bricks":2,"minecraft:apple":47,"minecraft:iron_ingot":7,"iceandfire:sea_serpent_scales_deepblue":8,"iceandfire:fire_dragon_flesh":18,"minecraft:oxidized_cut_copper":4,"minecraft:book":3,"iceandfire:ash":3,"born_in_chaos_v1:ethereal_spirit":1,"minecraft:gravel":104,"minecraft:spruce_sapling":1,"born_in_chaos_v1:fangofthe_hound_leader":2,"minecraft:white_bed":3,"minecraft:spruce_log":1,"a_man_with_plushies:red_pikmin_plush":2,"minecraft:spider_eye":1,"minecraft:slime_ball":3,"minecraft:stone_axe":1,"hole_filler_mod:throwable_hole_filler":2,"croptopia:orange":43,"iceandfire:ice_dragon_flesh":19,"alexscaves:cave_map":1,"minecraft:coal":65},"minecraft:killed_by":{"iceandfire:ice_dragon":1,"iceandfire:fire_dragon":2,"iceandfire:gorgon":2},"minecraft:broken":{"minecraft:iron_shovel":1,"iceandfire:armor_bronze_boots":1,"iceandfire:armor_green_leggings":1,"iceandfire:armor_sapphire_helmet":1,"minecraft:stone_hoe":3,"minecraft:iron_pickaxe":1,"iceandfire:armor_sapphire_chestplate":1},"minecraft:killed":{"born_in_chaos_v1:skeleton_demoman":1,"minecraft:spider":2,"born_in_chaos_v1:siamese_skeletonsright":1,"born_in_chaos_v1:baby_skeleton_minion":1,"naturalist:snail":1,"minecraft:skeleton":9,"born_in_chaos_v1:skeleton_thrasher":1,"lcm:hygrodere":1,"born_in_chaos_v1:bonescaller":1,"born_in_chaos_v1:diamond_termite":2,"minecraft:sheep":4,"lcm:nutcracker":1,"minecraft:zombie":4,"born_in_chaos_v1:dread_hound":4,"lcm:coil_head":1,"born_in_chaos_v1:corpse_fly":4,"cave_dweller:cave_dweller":1,"born_in_chaos_v1:door_knight":1,"arphex:spider_larvae":1,"minecraft:cow":1,"iceandfire:sea_serpent":1,"born_in_chaos_v1:siamese_skeletonsleft":1,"alexscaves:vallumraptor":3,"alexsmobs:seagull":1,"born_in_chaos_v1:thornshell_crab":1,"born_in_chaos_v1:maggot":5,"iceandfire:fire_dragon":1,"iceandfire:hippocampus":1,"born_in_chaos_v1:baby_skeleton":1,"born_in_chaos_v1:swarmer":1,"majruszsdifficulty:cursed_armor":1,"lcm:jester":1,"iceandfire:ice_dragon":4},"minecraft:crafted":{"minecraft:oak_planks":132,"iceandfire:armor_silver_boots":1,"iceandfire:armor_sapphire_chestplate":1,"hangglider:hang_glider":1,"iceandfire:lectern":1,"minecraft:diamond_shovel":2,"hole_filler_mod:throwable_hole_filler":32,"minecraft:chest":7,"minecraft:stone_hoe":3,"minecraft:smoker":2,"iceandfire:armor_sapphire_helmet":1,"iceandfire:armor_silver_leggings":2,"minecraft:diamond_axe":1,"minecraft:crafting_table":2,"minecraft:spruce_planks":8,"minecraft:paper":27,"minecraft:book":9,"minecraft:stick":84,"minecraft:iron_ingot":39,"minecraft:iron_pickaxe":1,"minecraft:iron_block":3,"disenchanting:disenchanter":1,"minecraft:gold_ingot":9,"hangglider:glider_framework":1,"minecraft:iron_nugget":126,"iceandfire:dragon_stick":1,"minecraft:furnace":6,"hangglider:glider_wing":2,"minecraft:flint_and_steel":1,"antlers:tomahawkitem":208,"minecraft:leather":16,"iceandfire:armor_silver_chestplate":1,"minecraft:wheat":135,"minecraft:cooked_beef":4,"minecraft:cooked_cod":12,"iceandfire:dragon_meal":4,"minecraft:iron_sword":1,"minecraft:bucket":1,"minecraft:bone":30,"minecraft:stone_axe":1,"minecraft:bread":45,"minecraft:air":0,"iceandfire:bestiary":1,"minecraft:wooden_axe":1,"minecraft:iron_shovel":1,"minecraft:anvil":1,"minecraft:torch":36,"iceandfire:armor_silver_helmet":1,"minecraft:clay":8,"iceandfire:armor_green_boots":1},"minecraft:dropped":{"minecraft:iron_sword":1,"minecraft:diamond":1,"minecraft:cooked_porkchop":2,"iceandfire:ice_dragon_flesh":6,"iceandfire:fire_dragon_flesh":10,"born_in_chaos_v1:monster_flesh":3,"relics:leather_belt":1,"artifacts:superstitious_hat":1,"born_in_chaos_v1:monster_skin":1,"iceandfire:armor_copper_chestplate":1,"minecraft:cornflower":3,"minecraft:cooked_cod":1,"alexscaves:cave_map":1,"minecraft:iron_pickaxe":3,"minecraft:bone":1,"minecraft:stone_axe":2,"hangglider:hang_glider":2,"minecraft:cobbled_deepslate":6,"alexscaves:cave_tablet":3,"minecraft:rotten_flesh":16,"iceandfire:dragonegg_bronze":1,"iceandfire:dragonscales_blue":8,"simplyswords:diamond_katana":1,"travelersbackpack:iron_golem":1,"born_in_chaos_v1:corpse_maggot":5,"iceandfire:bestiary":2,"iceandfire:armor_bronze_leggings":1,"iceandfire:manuscript":4,"minecraft:bread":41,"minecraft:iron_ingot":51,"minecraft:water_bucket":1,"iceandfire:dragonscales_sapphire":59,"relics:spore_sack":3,"minecraft:wheat_seeds":4,"iceandfire:armor_sapphire_helmet":1,"minecraft:book":3,"alexscaves:spelunkery_table":2,"antlers:tomahawkitem":61,"iceandfire:armor_sapphire_boots":1,"minecraft:torch":37,"minecraft:diamond_helmet":1,"artifacts:feral_claws":1,"minecraft:paper":11,"iceandfire:dragonegg_gray":1,"iceandfire:dragonbone":11,"minecraft:pink_tulip":7,"iceandfire:silver_nugget":20,"minecraft:stone_slab":9,"minecraft:shield":2,"minecraft:allium":11,"iceandfire:armor_green_boots":1,"minecraft:diamond_pickaxe":1,"minecraft:andesite":3,"minecraft:spider_eye":1,"minecraft:spruce_log":17,"minecraft:slime_ball":1}},"DataVersion":3465}