{"stats":{"minecraft:crafted":{"minecraft:oak_planks":116,"minecraft:iron_nugget":126,"iceandfire:armor_sapphire_chestplate":1,"minecraft:furnace":6,"antlers:tomahawkitem":96,"minecraft:chest":7,"minecraft:stone_hoe":3,"minecraft:smoker":2,"minecraft:cooked_beef":4,"minecraft:cooked_cod":12,"iceandfire:armor_sapphire_helmet":1,"minecraft:crafting_table":2,"minecraft:spruce_planks":8,"minecraft:iron_sword":1,"minecraft:bone":24,"minecraft:stone_axe":1,"minecraft:air":0,"minecraft:stick":56,"minecraft:iron_ingot":37,"minecraft:iron_pickaxe":1,"minecraft:wooden_axe":1,"minecraft:torch":36,"iceandfire:armor_green_boots":1},"minecraft:broken":{"minecraft:stone_hoe":3},"minecraft:dropped":{"minecraft:water_bucket":1,"minecraft:iron_ingot":51,"minecraft:bread":41,"minecraft:iron_sword":1,"iceandfire:armor_sapphire_helmet":1,"minecraft:diamond":1,"minecraft:cooked_porkchop":2,"alexscaves:spelunkery_table":1,"antlers:tomahawkitem":61,"born_in_chaos_v1:monster_flesh":3,"iceandfire:armor_sapphire_boots":1,"relics:leather_belt":1,"artifacts:superstitious_hat":1,"iceandfire:armor_copper_chestplate":1,"born_in_chaos_v1:monster_skin":1,"minecraft:torch":37,"minecraft:cooked_cod":1,"minecraft:diamond_helmet":1,"minecraft:iron_pickaxe":3,"artifacts:feral_claws":1,"minecraft:paper":11,"iceandfire:dragonbone":11,"minecraft:bone":1,"iceandfire:silver_nugget":20,"minecraft:stone_axe":2,"hangglider:hang_glider":1,"minecraft:cobbled_deepslate":6,"alexscaves:cave_tablet":3,"minecraft:rotten_flesh":16,"minecraft:stone_slab":9,"minecraft:shield":2,"simplyswords:diamond_katana":1,"iceandfire:armor_green_boots":1,"travelersbackpack:iron_golem":1,"minecraft:diamond_pickaxe":1,"minecraft:andesite":3,"born_in_chaos_v1:corpse_maggot":5,"minecraft:spider_eye":1,"minecraft:slime_ball":1,"minecraft:spruce_log":17,"iceandfire:armor_bronze_leggings":1,"iceandfire:manuscript":4},"minecraft:custom":{"minecraft:mob_kills":30,"minecraft:interact_with_crafting_table":24,"minecraft:open_barrel":28,"minecraft:damage_dealt_resisted":2461,"minecraft:time_since_death":24818,"minecraft:sprint_one_cm":175046,"minecraft:walk_one_cm":260647,"minecraft:drop":57,"minecraft:play_time":104443,"minecraft:deaths":1,"minecraft:sneak_time":5078,"minecraft:walk_under_water_one_cm":10107,"minecraft:jump":1199,"minecraft:walk_on_water_one_cm":10907,"minecraft:total_world_time":104443,"minecraft:interact_with_furnace":21,"minecraft:interact_with_loom":11,"minecraft:sleep_in_bed":2,"minecraft:time_since_rest":0,"minecraft:damage_taken":1297,"minecraft:damage_dealt":5581,"minecraft:swim_one_cm":8851,"minecraft:fly_one_cm":233489,"minecraft:open_chest":114,"minecraft:crouch_one_cm":9571,"minecraft:interact_with_smoker":7,"minecraft:fall_one_cm":32846},"minecraft:picked_up":{"minecraft:allium":1,"minecraft:crafting_table":4,"croptopia:peach":49,"simplyswords:diamond_katana":1,"minecraft:stone_slab":18,"minecraft:diamond_sword":1,"iceandfire:frozen_cobblestone":1,"born_in_chaos_v1:black_argillite":2,"iceandfire:manuscript":4,"minecraft:string":13,"iceandfire:frozen_stone":5,"minecraft:raw_copper":6,"iceandfire:armor_green_leggings":1,"minecraft:gold_nugget":8,"minecraft:cobbled_deepslate":28,"minecraft:beef":4,"born_in_chaos_v1:gnawed_bones":4,"iceandfire:armor_bronze_boots":1,"iceandfire:dragonbone":38,"minecraft:raw_iron":53,"minecraft:stick":14,"iceandfire:dragonscales_green":7,"minecraft:torch":17,"minecraft:carrot":1,"iceandfire:dragon_skull_ice":1,"minecraft:arrow":4,"minecraft:rotten_flesh":16,"pvz_zengarden:zengarden_guide":1,"alexscaves:spelunkery_table":2,"reliquary:mob_charm_fragment":1,"minecraft:cobblestone":140,"born_in_chaos_v1:fused_bone":1,"born_in_chaos_v1:corpse_maggot":5,"iceandfire:sapphire_gem":1,"born_in_chaos_v1:monster_flesh":3,"minecraft:andesite":16,"minecraft:leather":2,"alexscaves:cave_book":1,"minecraft:tuff":5,"minecraft:oak_log":89,"minecraft:paper":3,"antlers:tomahawkitem":85,"born_in_chaos_v1:monster_skin":9,"minecraft:bone":4,"minecraft:apple":25,"minecraft:wheat_seeds":7,"minecraft:raw_gold":4,"minecraft:iron_ingot":7,"minecraft:oak_planks":1,"minecraft:book":3,"minecraft:cooked_porkchop":4,"mca:comb":1,"iceandfire:dragonscales_sapphire":72,"mca:needle_and_thread":1,"born_in_chaos_v1:fangofthe_hound_leader":2,"minecraft:white_bed":2,"minecraft:spider_eye":1,"minecraft:slime_ball":2,"minecraft:diamond":20,"minecraft:stone_axe":1,"croptopia:orange":21,"iceandfire:ice_dragon_flesh":3,"minecraft:emerald":1,"minecraft:oak_sapling":27,"iceandfire:silver_nugget":14,"minecraft:coal":57},"minecraft:killed_by":{"iceandfire:ice_dragon":1},"minecraft:used":{"minecraft:chest":7,"born_in_chaos_v1:black_argillite":2,"minecraft:iron_sword":155,"minecraft:stone_hoe":393,"minecraft:torch":35,"minecraft:carrot":1,"iceandfire:frozen_stone":5,"minecraft:wooden_axe":18,"croptopia:peach":1,"minecraft:furnace":4,"minecraft:cooked_cod":6,"iceandfire:armor_green_leggings":1,"iceandfire:frozen_cobblestone":1,"minecraft:cobbled_deepslate":4,"iceandfire:armor_bronze_boots":1,"iceandfire:armor_sapphire_chestplate":1,"iceandfire:armor_sapphire_helmet":2,"minecraft:crafting_table":6,"alexscaves:cave_book":1,"minecraft:white_bed":2,"minecraft:smoker":2,"minecraft:oak_log":10,"minecraft:apple":23,"minecraft:iron_pickaxe":339,"minecraft:stone_axe":12,"minecraft:cobblestone":30,"minecraft:cooked_porkchop":4,"minecraft:andesite":12,"alexsmobs:animal_dictionary":1},"minecraft:killed":{"minecraft:spider":2,"born_in_chaos_v1:siamese_skeletonsright":1,"born_in_chaos_v1:maggot":5,"naturalist:snail":1,"minecraft:skeleton":3,"born_in_chaos_v1:baby_skeleton":1,"born_in_chaos_v1:swarmer":1,"lcm:jester":1,"minecraft:zombie":3,"born_in_chaos_v1:dread_hound":4,"born_in_chaos_v1:corpse_fly":4,"iceandfire:ice_dragon":1,"cave_dweller:cave_dweller":1,"born_in_chaos_v1:door_knight":1,"born_in_chaos_v1:siamese_skeletonsleft":1},"minecraft:mined":{"alexscaves:spelunkery_table":1,"minecraft:diamond_ore":2,"minecraft:tuff":2,"minecraft:white_bed":2,"minecraft:deepslate_diamond_ore":11,"minecraft:sculk_vein":7,"iceandfire:frozen_cobblestone":1,"iceandfire:frozen_stone":7,"minecraft:allium":1,"minecraft:sculk_catalyst":5,"minecraft:iron_ore":51,"minecraft:andesite":12,"minecraft:bookshelf":1,"minecraft:stone":141,"minecraft:crafting_table":4,"iceandfire:dragon_ice_spikes":22,"minecraft:emerald_ore":1,"minecraft:sculk_sensor":6,"minecraft:stone_slab":9,"minecraft:tall_grass":5,"minecraft:deepslate_gold_ore":4,"minecraft:oak_planks":1,"minecraft:sculk":378,"minecraft:ice":1,"minecraft:grass":6,"minecraft:coal_ore":54,"minecraft:oak_log":88,"minecraft:cobweb":12,"minecraft:deepslate":20}},"DataVersion":3465}