{"stats":{"minecraft:crafted":{"minecraft:oak_planks":40,"minecraft:crafting_table":1,"minecraft:stick":8,"minecraft:wooden_axe":1},"minecraft:custom":{"minecraft:time_since_rest":14443,"minecraft:crouch_one_cm":2957,"minecraft:play_time":14443,"minecraft:sprint_one_cm":25614,"minecraft:damage_taken":20,"minecraft:walk_one_cm":38786,"minecraft:sneak_time":1160,"minecraft:mob_kills":1,"minecraft:jump":193,"minecraft:damage_dealt":20,"minecraft:time_since_death":14443,"minecraft:total_world_time":14443,"minecraft:fall_one_cm":2343,"minecraft:interact_with_crafting_table":3,"minecraft:fly_one_cm":45957},"minecraft:picked_up":{"iceandfire:dragonscales_green":7,"minecraft:stick":10,"minecraft:crafting_table":1,"minecraft:slime_ball":1,"croptopia:peach":36,"minecraft:apple":24,"iceandfire:dragonscales_sapphire":14,"croptopia:orange":11,"pvz_zengarden:zengarden_guide":1,"minecraft:oak_log":66,"minecraft:oak_sapling":19,"iceandfire:armor_bronze_boots":1,"antlers:tomahawkitem":1},"minecraft:used":{"minecraft:oak_log":10,"minecraft:wooden_axe":6,"minecraft:apple":4,"croptopia:peach":1,"minecraft:crafting_table":1,"alexsmobs:animal_dictionary":1},"minecraft:killed":{"naturalist:snail":1},"minecraft:mined":{"minecraft:grass":4,"minecraft:oak_log":66,"minecraft:tall_grass":2,"minecraft:crafting_table":1}},"DataVersion":3465}