{"stats":{"minecraft:custom":{"minecraft:interact_with_crafting_table":160,"minecraft:open_barrel":54,"minecraft:leave_game":41,"minecraft:time_since_death":124758,"minecraft:damage_blocked_by_shield":100,"minecraft:play_time":1708014,"minecraft:deaths":20,"minecraft:jump":16656,"minecraft:enchant_item":3,"minecraft:interact_with_furnace":209,"minecraft:traded_with_villager":96,"minecraft:interact_with_cartography_table":4,"minecraft:sleep_in_bed":58,"minecraft:damage_dealt":34623,"minecraft:interact_with_smoker":1,"minecraft:inspect_dispenser":20,"minecraft:horse_one_cm":7639,"minecraft:interact_with_smithing_table":7,"minecraft:interact_with_anvil":25,"minecraft:sneak_time":55979,"minecraft:interact_with_lectern":2,"minecraft:interact_with_blast_furnace":5,"minecraft:total_world_time":1708014,"minecraft:interact_with_stonecutter":24,"minecraft:time_since_rest":5054,"minecraft:swim_one_cm":143358,"minecraft:fly_one_cm":10439976,"minecraft:open_chest":1176,"minecraft:fall_one_cm":346515,"minecraft:animals_bred":9,"minecraft:sprint_one_cm":3046973,"minecraft:drop":238,"minecraft:talked_to_villager":12,"minecraft:walk_on_water_one_cm":161456,"minecraft:player_kills":4,"minecraft:crouch_one_cm":126230,"minecraft:mob_kills":752,"minecraft:damage_dealt_resisted":1518,"minecraft:climb_one_cm":57080,"minecraft:walk_one_cm":4530222,"minecraft:raid_win":1,"minecraft:walk_under_water_one_cm":161093,"minecraft:boat_one_cm":84877,"minecraft:raid_trigger":1,"minecraft:interact_with_grindstone":15,"minecraft:damage_taken":17692,"minecraft:trigger_trapped_chest":4,"minecraft:minecart_one_cm":27509},"minecraft:broken":{"minecraft:diamond_helmet":1,"minecraft:iron_hoe":1},"minecraft:killed":{"born_in_chaos_v1:restless_spirit":2,"born_in_chaos_v1:baby_skeleton_minion":3,"minecraft:skeleton":115,"minecraft:chicken":7,"creeperoverhaul:cave_creeper":1,"minecraft:magma_cube":3,"bwrtherain:spider_skull":2,"mutantmonsters:mutant_skeleton":1,"minecraft:pillager":32,"minecraft:zombie":187,"alexsmobs:cachalot_whale":1,"lcm:coil_head":1,"born_in_chaos_v1:corpse_fly":7,"lcm:spore_lizard":1,"born_in_chaos_v1:door_knight":2,"minecraft:cow":9,"alexsmobs:mimic_octopus":1,"mca:male_zombie_villager":1,"minecraft:vindicator":2,"twilightforest:death_tome":1,"born_in_chaos_v1:barrel_zombie":2,"lcm:earthleviathanspawner":1,"minecraft:husk":2,"twilightforest:kobold":1,"lcm:bracken":1,"minecraft:ravager":1,"born_in_chaos_v1:decrepit_skeleton":3,"born_in_chaos_v1:dark_vortex":1,"minecraft:enderman":2,"minecraft:zombified_piglin":2,"minecraft:witch":3,"lcm:bunker_spider":1,"minecraft:spider":7,"lcm:masked":2,"minecraft:illusioner":1,"minecraft:piglin":8,"born_in_chaos_v1:bonescaller":2,"minecraft:pig":11,"arphex:spider_jump":1,"lcm:butler":1,"minecraft:creeper":163,"minecraft:sheep":1,"antlers:wendigomad":1,"minecraft:stray":5,"minecraft:ghast":6,"apollyon:the_damned":1,"minecraft:blaze":3,"lcm:jesteropen":1,"minecraft:slime":12,"born_in_chaos_v1:zombie_bruiser":1,"born_in_chaos_v1:maggot":17,"minecraft:phantom":2,"friendsandfoes:mauler":1,"born_in_chaos_v1:baby_skeleton":1,"born_in_chaos_v1:swarmer":2,"creeperoverhaul:spruce_creeper":1,"minecraft:hoglin":7,"born_in_chaos_v1:phantom_creeper_copy":1,"creeperoverhaul:ocean_creeper":1,"minecraft:wither_skeleton":3,"minecraft:player":3},"minecraft:picked_up":{"minecraft:chainmail_boots":1,"minecraft:anvil":4,"minecraft:lead":4,"minecraft:smithing_table":1,"minecraft:stone_slab":19,"minecraft:diamond_sword":1,"minecraft:enchanted_book":5,"minecraft:golden_shovel":1,"minecraft:golden_sword":1,"minecraft:amethyst_block":7,"chipped:shroomlight_lantern":7,"minecraft:polished_blackstone_brick_stairs":3,"minecraft:string":218,"minecraft:dark_oak_trapdoor":1,"minecraft:beetroot":14,"minecraft:shroomlight":24,"immersive_aircraft:heavy_crossbow":1,"another_furniture:white_tall_stool":7,"minecraft:gold_nugget":704,"minecraft:cobbled_deepslate":86,"minecraft:spruce_planks":207,"minecraft:written_book":1,"minecraft:warped_slab":3,"minecraft:netherite_upgrade_smithing_template":2,"croptopia:mustard_seed":4,"born_in_chaos_v1:shattered_skull":1,"minecraft:composter":6,"a_man_with_plushies:plush_box":2,"minecraft:honeycomb_block":110,"minecraft:cherry_log":54,"minecraft:green_terracotta":27,"mutantmonsters:mutant_skeleton_pelvis":1,"minecraft:orange_bed":1,"a_man_with_plushies:shulker_plush":1,"minecraft:tropical_fish":8,"minecraft:carved_pumpkin":4,"minecraft:white_terracotta":3,"minecraft:blaze_rod":1,"croptopia:lettuce_seed":108,"minecraft:birch_log":42,"minecraft:magma_block":9,"minecraft:feather":22,"morebows:ender_bow":1,"minecraft:birch_slab":12,"born_in_chaos_v1:spiritual_dust":1,"minecraft:water_bucket":1,"minecraft:lantern":2,"croptopia:kiwi_seed":61,"chipped:anguished_jack_o_lantern":1,"minecraft:stonecutter":4,"chipped:glow_torch":6,"another_furniture:white_lamp":3,"minecraft:glowstone_dust":133,"minecraft:honeycomb":24,"another_furniture:spruce_table":3,"minecraft:lime_terracotta":10,"chipped:tiny_smug_carved_pumpkin":1,"minecraft:stripped_spruce_log":3,"croptopia:oat":2,"minecraft:fermented_spider_eye":1,"minecraft:trapped_chest":1,"minecraft:dark_oak_log":5,"minecraft:barrel":1,"croptopia:chile_pepper":98,"minecraft:iron_hoe":4,"artifacts:crystal_heart":1,"chipped:tall_lantern":6,"croptopia:leek_seed":2,"chipped:dirt_bricks":2,"minecraft:jack_o_lantern":6,"born_in_chaos_v1:rotten_fish":1,"minecraft:bricks":64,"minecraft:coarse_dirt":101,"minecraft:crafting_table":5,"chipped:natural_spruce_planks":192,"minecraft:purple_wool":71,"minecraft:clay_ball":518,"friendsandfoes:totem_of_illusion":1,"a_man_with_plushies:peppino_plush":3,"artifacts:power_glove":2,"minecraft:netherite_scrap":1,"minecraft:cracked_stone_bricks":34,"minecraft:cartography_table":2,"minecraft:beef":17,"minecraft:jungle_sapling":2,"minecraft:iron_nugget":5,"minecraft:spruce_slab":2,"minecraft:chest":17,"minecraft:birch_sapling":38,"a_man_with_plushies:monika_plush":3,"minecraft:egg":3,"chipped:mason_table":1,"minecraft:sandstone":9,"a_man_with_plushies:pig_plush":3,"croptopia:corn_seed":193,"minecraft:stone":1,"reliquary:rib_bone":2,"minecraft:glow_item_frame":1,"minecraft:spruce_fence":37,"born_in_chaos_v1:pieceofdarkmetal":2,"minecraft:carrot":6,"minecraft:redstone":39,"minecraft:prismarine_crystals":2,"minecraft:diamond_boots":2,"minecraft:hay_block":16,"pvz_zengarden:zengarden_guide":1,"minecraft:yellow_terracotta":15,"artifacts:pocket_piston":1,"minecraft:gold_ingot":146,"minecraft:totem_of_undying":1,"minecraft:white_wool":40,"born_in_chaos_v1:monster_flesh":2,"minecraft:jungle_fence":2,"minecraft:red_mushroom":1,"chipped:pillar_dirt_bricks":1,"minecraft:oak_log":56,"minecraft:ancient_debris":2,"croptopia:leek":1,"chipped:sliding_spruce_door":2,"mutantmonsters:mutant_skeleton_limb":6,"minecraft:paper":5,"minecraft:white_banner":6,"minecraft:apple":32,"minecraft:stone_bricks":425,"minecraft:kelp":929,"a_man_with_plushies:gd_cube_plush":4,"another_furniture:white_sofa":8,"minecraft:glass_bottle":2,"minecraft:smooth_basalt":4,"immersive_aircraft:cargo_airship":3,"minecraft:sweet_berries":32,"born_in_chaos_v1:ethereal_spirit":4,"minecraft:gravel":4,"minecraft:spruce_sapling":388,"minecraft:spruce_log":441,"minecraft:diamond_shovel":1,"minecraft:purple_bed":4,"minecraft:slime_ball":13,"croptopia:orange":8,"a_man_with_plushies:insomni_plush":2,"minecraft:baked_potato":80,"minecraft:warped_nylium":1,"minecraft:hopper":2,"minecraft:ender_pearl":4,"minecraft:wheat":372,"alexsmobs:maraca":1,"minecraft:redstone_block":17,"croptopia:kale":2,"croptopia:broccoli":23,"aether:iron_gloves":1,"minecraft:stone_brick_stairs":179,"croptopia:lettuce":63,"minecraft:raw_copper":19,"mutantmonsters:mutant_skeleton_skull":1,"celestisynth:rainfall_serenity":1,"minecraft:smooth_stone_slab":2,"reliquary:zombie_heart":3,"minecraft:bucket":9,"minecraft:white_tulip":23,"a_man_with_plushies:lariat_plushie":4,"minecraft:redstone_torch":13,"minecraft:calcite":8,"minecraft:azalea":2,"minecraft:smooth_quartz":1003,"chipped:overjoyed_carved_pumpkin":2,"minecraft:iron_boots":1,"minecraft:furnace":18,"minecraft:tipped_arrow":4,"minecraft:stick":185,"minecraft:oak_fence":2,"born_in_chaos_v1:phantom_powder":3,"minecraft:torch":243,"deeperdarker:warden_boots":1,"minecraft:spruce_stairs":94,"minecraft:porkchop":3,"a_man_with_plushies:steve_plush":1,"minecraft:pointed_dripstone":1,"minecraft:cactus":8,"minecraft:rotten_flesh":632,"reliquary:mob_charm_fragment":1,"mutantmonsters:mutant_skeleton_shoulder_pad":2,"minecraft:obsidian":6,"minecraft:cod":3,"morebows:diamond_bow":2,"minecraft:cobblestone":4980,"croptopia:water_bottle":7,"croptopia:broccoli_seed":28,"minecraft:andesite":303,"minecraft:potato":809,"minecraft:tuff":2,"chipped:yellow_tube_lantern":1,"croptopia:walnut":36,"artifacts:flame_pendant":3,"minecraft:dirt":5447,"hammered:diamond_hammer":1,"minecraft:glass":62,"minecraft:bone":970,"croptopia:corn":124,"croptopia:sweetpotato":69,"minecraft:bow":18,"minecraft:wheat_seeds":739,"minecraft:raw_gold":5,"minecraft:grindstone":2,"minecraft:mossy_stone_bricks":32,"chipped:happy_soul_sand":1,"minecraft:bamboo":143,"croptopia:kale_seed":2,"minecraft:cyan_concrete":1,"friendsandfoes:totem_of_freezing":1,"chipped:fancy_white_redstone_lamp":14,"minecraft:ghast_tear":4,"croptopia:chile_pepper_seed":157,"minecraft:cooked_porkchop":35,"croptopia:mustard":2,"minecraft:poisonous_potato":3,"minecraft:sand":355,"minecraft:lily_of_the_valley":27,"minecraft:cyan_bed":5,"minecraft:chiseled_sandstone":1,"minecraft:mossy_cobblestone":128,"minecraft:diamond":98,"minecraft:slime_block":1,"minecraft:cracked_polished_blackstone_bricks":2,"minecraft:crossbow":1,"minecraft:bone_meal":73,"minecraft:emerald":34,"minecraft:oak_sapling":76,"minecraft:netherrack":839,"minecraft:charcoal":6,"minecraft:ladder":1,"croptopia:peach":31,"minecraft:brown_mushroom":8,"croptopia:sweetpotato_seed":105,"minecraft:stone_brick_wall":3,"minecraft:gold_block":1,"minecraft:diamond_horse_armor":2,"minecraft:brick":3,"a_man_with_plushies:the_knight_plush":1,"minecraft:moss_carpet":1,"chipped:wickered_spruce_planks":113,"immersive_aircraft:biplane":7,"minecraft:wooden_sword":17,"artifacts:feral_claws":1,"minecraft:item_frame":5,"minecraft:blackstone":67,"automobility:automobile":1,"simplyswords:runic_tablet":1,"chipped:meming_soul_sand":1,"minecraft:player_head":3,"chipped:clear_leaded_glass_pane":65,"minecraft:sugar_cane":16,"minecraft:phantom_membrane":8,"minecraft:dark_oak_sapling":4,"minecraft:raw_iron":179,"another_furniture:spruce_shutter":3,"minecraft:bowl":4,"a_man_with_plushies:red_spycrab_plush":2,"minecraft:polished_blackstone_bricks":12,"minecraft:arrow":405,"minecraft:weeping_vines":1,"mutantmonsters:mutant_skeleton_rib":3,"minecraft:pink_tulip":1,"minecraft:glistering_melon_slice":8,"chipped:cobblestone_bricks":1,"croptopia:salt":12,"minecraft:wet_sponge":1,"chipped:wrought_iron_lantern":1,"born_in_chaos_v1:corpse_maggot":19,"minecraft:basalt":9,"minecraft:crimson_stem":3,"minecraft:leather":16,"minecraft:cut_sandstone":2,"chipped:suspicious_carved_pumpkin":1,"minecraft:mushroom_stew":3,"minecraft:gunpowder":1006,"minecraft:cobblestone_stairs":15,"minecraft:iron_ingot":27,"minecraft:cooked_chicken":6,"minecraft:acacia_sapling":2,"croptopia:kiwi":44,"minecraft:soul_sand":7,"minecraft:book":19,"minecraft:scaffolding":66,"minecraft:oak_slab":89,"minecraft:pumpkin":18,"minecraft:chiseled_stone_bricks":2,"minecraft:stone_brick_slab":187,"minecraft:quartz":147,"minecraft:dandelion":67,"minecraft:lava_bucket":1,"born_in_chaos_v1:dark_rod":1,"minecraft:amethyst_shard":78,"minecraft:blast_furnace":2,"minecraft:dark_oak_fence_gate":2,"minecraft:mossy_stone_brick_slab":10,"minecraft:spider_eye":5,"immersive_aircraft:enhanced_propeller":1,"chipped:glowing_soul_sand":2,"pvz_zengarden:big_sun":8,"minecraft:pumpkin_seeds":6,"croptopia:oat_seed":2,"minecraft:chainmail_leggings":2,"minecraft:cherry_sapling":55,"minecraft:red_concrete":5,"minecraft:magenta_concrete":2,"chipped:glass_spruce_door":2,"minecraft:coal":430},"minecraft:killed_by":{"creeperoverhaul:cave_creeper":1,"minecraft:player":7,"minecraft:skeleton":2},"minecraft:dropped":{"minecraft:glass_bottle":1,"minecraft:diamond":6,"minecraft:crossbow":1,"minecraft:red_mushroom":1,"minecraft:item_frame":1,"minecraft:emerald":4,"minecraft:dirt":695,"born_in_chaos_v1:phantom_powder":3,"minecraft:wooden_sword":12,"minecraft:gold_nugget":7,"minecraft:purple_wool":66,"minecraft:fermented_spider_eye":1,"minecraft:bone":161,"minecraft:sugar_cane":1,"minecraft:iron_nugget":1,"minecraft:wheat":6,"minecraft:rotten_flesh":169,"croptopia:chile_pepper":1,"croptopia:apple_juice":6,"deeperdarker:warden_boots":1,"minecraft:tipped_arrow":1,"minecraft:hopper":2,"pvz_zengarden:big_sun":1,"minecraft:beef":1,"minecraft:cartography_table":1,"born_in_chaos_v1:shattered_skull":1,"minecraft:wheat_seeds":456,"celestisynth:rainfall_serenity":1,"minecraft:yellow_terracotta":14,"minecraft:prismarine_crystals":2,"minecraft:book":20,"minecraft:coal":1,"minecraft:mushroom_stew":1,"croptopia:cheeseburger":6,"minecraft:lava_bucket":1,"immersive_aircraft:heavy_crossbow":1,"minecraft:chainmail_leggings":1,"minecraft:string":1,"minecraft:moss_carpet":1,"minecraft:player_head":3,"minecraft:green_terracotta":27,"minecraft:bowl":4,"minecraft:name_tag":1,"minecraft:white_terracotta":1,"minecraft:blast_furnace":1,"minecraft:spruce_planks":13,"minecraft:bamboo":11,"minecraft:bow":11,"minecraft:red_sand":39,"minecraft:golden_pickaxe":1,"minecraft:jungle_fence":2,"minecraft:lime_terracotta":9,"minecraft:leather":3,"minecraft:cod":4,"morebows:ender_bow":1,"minecraft:cracked_polished_blackstone_bricks":1,"minecraft:polished_blackstone_brick_stairs":2,"minecraft:wet_sponge":1,"minecraft:amethyst_shard":20,"born_in_chaos_v1:ethereal_spirit":5,"minecraft:cherry_sapling":3,"minecraft:beetroot":1,"hammered:diamond_hammer":1,"minecraft:carrot":1,"chipped:overjoyed_carved_pumpkin":2,"minecraft:gunpowder":82,"born_in_chaos_v1:corpse_maggot":14,"minecraft:arrow":215,"minecraft:basalt":8,"born_in_chaos_v1:dark_rod":1,"reliquary:mob_charm_fragment":1,"minecraft:amethyst_block":6,"minecraft:tropical_fish":6,"alexsmobs:maraca":1,"mca:book_romance":1,"artifacts:crystal_heart":1,"minecraft:cactus":2,"minecraft:kelp":304,"minecraft:coarse_dirt":32,"minecraft:iron_hoe":4,"born_in_chaos_v1:spiritual_dust":1,"aether:iron_gloves":1,"minecraft:andesite":4,"minecraft:diamond_boots":1},"minecraft:used":{"chipped:dirt_bricks":2,"minecraft:beetroot":64,"minecraft:dispenser":11,"minecraft:chest":36,"minecraft:stone":58,"chipped:suspicious_carved_pumpkin":1,"travelersbackpack:diamond":2,"a_man_with_plushies:lariat_plushie":3,"minecraft:rotten_flesh":32,"minecraft:soul_sand":3,"minecraft:weeping_vines":1,"minecraft:jungle_sapling":2,"a_man_with_plushies:insomni_plush":1,"chipped:clear_leaded_glass_pane":68,"minecraft:lava_bucket":5,"friendsandfoes:totem_of_illusion":1,"minecraft:grass_block":2,"minecraft:stone_brick_stairs":325,"friendsandfoes:totem_of_freezing":1,"minecraft:bow":1,"minecraft:furnace":26,"immersive_aircraft:biplane":9,"minecraft:potato":159,"a_man_with_plushies:monika_plush":2,"minecraft:spruce_door":1,"minecraft:blackstone":1,"minecraft:composter":7,"chipped:happy_soul_sand":1,"chipped:glass_spruce_door":3,"celestisynth:rainfall_serenity":1,"morebows:ender_bow":6,"another_furniture:spruce_shutter":2,"a_man_with_plushies:pig_plush":2,"chipped:tall_lantern":24,"minecraft:blast_furnace":2,"chipped:glowing_soul_sand":2,"minecraft:chiseled_sandstone":1,"chipped:glow_torch":42,"minecraft:birch_slab":12,"minecraft:stone_button":3,"chipped:anguished_carved_pumpkin":1,"minecraft:diamond_sword":611,"minecraft:smithing_table":2,"chipped:carpenters_table":1,"minecraft:purple_wool":2,"minecraft:red_concrete":5,"minecraft:netherrack":253,"minecraft:orange_bed":2,"minecraft:torch":530,"minecraft:anvil":4,"a_man_with_plushies:red_spycrab_plush":1,"croptopia:chile_pepper":1,"chipped:sliding_spruce_door":2,"minecraft:shroomlight":2,"chipped:anguished_jack_o_lantern":1,"simplyswords:diamond_scythe":17,"minecraft:slime_block":1,"minecraft:smooth_basalt":4,"minecraft:diamond_chestplate":4,"minecraft:basalt":1,"minecraft:trapped_chest":1,"minecraft:cobbled_deepslate":86,"minecraft:observer":4,"minecraft:pointed_dripstone":1,"minecraft:calcite":4,"minecraft:wheat_seeds":97,"minecraft:water_bucket":79,"minecraft:cartography_table":1,"minecraft:spruce_fence_gate":3,"minecraft:polished_blackstone_bricks":12,"minecraft:crafting_table":6,"minecraft:comparator":8,"minecraft:lime_terracotta":1,"croptopia:broccoli_seed":27,"minecraft:tnt":13,"minecraft:oak_slab":257,"minecraft:dark_oak_fence_gate":4,"minecraft:cake":2,"minecraft:spruce_log":14,"minecraft:diamond_pickaxe":3047,"chipped:botanist_workbench":1,"minecraft:diamond_shovel":1042,"minecraft:cyan_concrete":1,"minecraft:spruce_sapling":8,"chipped:wickered_spruce_planks":158,"minecraft:chiseled_stone_bricks":1,"chipped:yellow_tube_lantern":1,"minecraft:cobblestone":150,"travelersbackpack:standard":5,"minecraft:purple_bed":6,"minecraft:cooked_porkchop":35,"a_man_with_plushies:peppino_plush":2,"minecraft:diamond_leggings":2,"chipped:tiny_smug_carved_pumpkin":1,"minecraft:shield":6,"minecraft:tuff":1,"minecraft:axolotl_bucket":1,"chipped:meming_soul_sand":1,"minecraft:glass":14,"another_furniture:white_sofa":8,"minecraft:lantern":2,"chipped:cobblestone_bricks":1,"minecraft:warped_nylium":1,"minecraft:stone_bricks":602,"another_furniture:white_tall_stool":7,"minecraft:repeater":5,"minecraft:redstone_lamp":1,"minecraft:written_book":1,"minecraft:scaffolding":30,"chipped:fancy_white_redstone_lamp":15,"minecraft:golden_boots":1,"croptopia:sweetpotato_seed":31,"minecraft:diamond_boots":4,"croptopia:lettuce_seed":5,"croptopia:kiwi_seed":28,"minecraft:ender_pearl":2,"minecraft:sandstone":9,"minecraft:diamond_axe":869,"minecraft:sugar_cane":12,"minecraft:white_wool":3,"immersive_aircraft:cargo_airship":3,"minecraft:yellow_terracotta":1,"minecraft:mushroom_stew":1,"minecraft:crossbow":1,"minecraft:stone_brick_wall":115,"minecraft:shears":80,"minecraft:redstone_torch":20,"a_man_with_plushies:gd_cube_plush":3,"minecraft:cyan_bed":5,"minecraft:bread":7,"minecraft:warped_slab":3,"another_furniture:white_lamp":2,"minecraft:gravel":1,"minecraft:grindstone":2,"minecraft:andesite":4,"minecraft:smooth_stone_slab":2,"minecraft:bone_meal":101,"minecraft:experience_bottle":64,"minecraft:azalea":2,"minecraft:oak_fence":20,"chipped:tinkering_table":1,"minecraft:flint_and_steel":6,"minecraft:redstone":80,"morebows:diamond_bow":587,"minecraft:spruce_planks":206,"minecraft:cooked_chicken":6,"minecraft:dirt":1194,"minecraft:hopper":2,"minecraft:spruce_stairs":105,"croptopia:apple_juice":20,"minecraft:diamond_helmet":2,"minecraft:spruce_fence":19,"minecraft:iron_hoe":337,"minecraft:stone_brick_slab":260,"chipped:glassblower":1,"minecraft:crimson_planks":12,"torchmaster:feral_flare_lantern":2,"minecraft:golden_carrot":101,"a_man_with_plushies:plush_box":6,"minecraft:minecart":1,"hammered:diamond_hammer":331,"minecraft:amethyst_block":1,"minecraft:cobblestone_stairs":5,"minecraft:baked_potato":89,"croptopia:corn_seed":32,"minecraft:cut_sandstone":2,"minecraft:stonecutter":4,"minecraft:glow_item_frame":1,"chipped:mason_table":2,"chipped:wrought_iron_lantern":1,"croptopia:cheeseburger":3,"minecraft:smoker":1,"minecraft:apple":2,"croptopia:chile_pepper_seed":35,"minecraft:magenta_concrete":2,"minecraft:stone_slab":3,"chipped:natural_spruce_planks":273,"chipped:shroomlight_lantern":21,"minecraft:bucket":127,"minecraft:pumpkin_pie":4,"alexsmobs:animal_dictionary":1,"chipped:ornate_cobblestone_pillar":20,"another_furniture:spruce_table":2},"minecraft:mined":{"chipped:glowing_soul_sand":2,"minecraft:cherry_log":18,"croptopia:mustard_crop":1,"chipped:glow_wall_torch":1,"minecraft:carved_pumpkin":4,"minecraft:stone_brick_wall":3,"a_man_with_plushies:peppino_plush":2,"minecraft:chiseled_stone_bricks":2,"minecraft:spawner":13,"minecraft:polished_blackstone_bricks":2,"minecraft:weeping_vines_plant":1,"minecraft:magma_block":2,"minecraft:dark_oak_trapdoor":1,"minecraft:fire":4,"minecraft:cobbled_deepslate":22,"minecraft:barrel":1,"minecraft:pumpkin":2,"minecraft:sculk_shrieker":1,"a_man_with_plushies:fallen_angel_monika_plush":2,"another_furniture:spruce_shutter":2,"a_man_with_plushies:lariat_plushie":3,"minecraft:orange_bed":1,"minecraft:cut_sandstone":2,"chipped:tall_lantern":6,"minecraft:crimson_nylium":9,"minecraft:soul_fire":9,"minecraft:amethyst_cluster":13,"minecraft:torch":143,"minecraft:blast_furnace":1,"chipped:sliding_spruce_door":2,"minecraft:dead_bush":1,"minecraft:glass":1,"croptopia:broccoli_crop":11,"a_man_with_plushies:gd_cube_plush":3,"minecraft:cyan_bed":5,"minecraft:sugar_cane":5,"minecraft:amethyst_block":7,"minecraft:white_terracotta":1,"a_man_with_plushies:pig_plush":2,"minecraft:wheat":66,"minecraft:stone_brick_stairs":85,"minecraft:grass":19,"minecraft:smooth_quartz":1087,"minecraft:smooth_basalt":5,"minecraft:stonecutter":3,"minecraft:deepslate":31,"minecraft:yellow_terracotta":20,"chipped:natural_spruce_planks":175,"minecraft:mossy_cobblestone":64,"minecraft:cherry_sapling":5,"minecraft:dark_oak_log":5,"minecraft:spruce_fence":13,"minecraft:magenta_concrete":3,"chipped:glow_torch":5,"minecraft:cartography_table":2,"croptopia:corn_crop":94,"minecraft:andesite":83,"minecraft:green_terracotta":68,"minecraft:cyan_concrete":1,"chipped:wrought_iron_lantern":1,"minecraft:bamboo":84,"minecraft:white_wool":3,"minecraft:smithing_table":1,"chipped:cobblestone_bricks":1,"minecraft:oak_slab":82,"minecraft:redstone_block":1,"minecraft:glass_pane":1,"croptopia:lettuce_crop":37,"minecraft:stone_brick_slab":87,"minecraft:dandelion":1,"croptopia:sweetpotato_crop":39,"minecraft:emerald_ore":1,"another_furniture:spruce_table":1,"minecraft:warped_roots":1,"minecraft:campfire":1,"minecraft:tall_grass":6,"minecraft:deepslate_gold_ore":4,"chipped:yellow_tube_lantern":1,"minecraft:purple_wool":80,"minecraft:purple_bed":4,"croptopia:leek_crop":1,"croptopia:walnut_crop":1,"minecraft:coarse_dirt":9,"a_man_with_plushies:plush_box":1,"minecraft:spruce_log":292,"minecraft:birch_leaves":8,"minecraft:jungle_fence":2,"chipped:glass_spruce_door":2,"minecraft:gravel":2,"chipped:clear_leaded_glass_pane":17,"minecraft:cobweb":1,"minecraft:stone_bricks":376,"minecraft:fern":4,"chipped:tiny_smug_carved_pumpkin":1,"minecraft:spruce_planks":206,"minecraft:mossy_stone_brick_slab":5,"minecraft:sculk_vein":28,"minecraft:cobblestone_stairs":6,"a_man_with_plushies:insomni_plush":1,"minecraft:budding_amethyst":1,"minecraft:grass_block":331,"minecraft:composter":6,"minecraft:sculk_catalyst":1,"chipped:wickered_spruce_planks":106,"minecraft:iron_ore":98,"minecraft:anvil":3,"chipped:suspicious_carved_pumpkin":1,"another_furniture:white_lamp":1,"minecraft:deepslate_redstone_ore":6,"minecraft:blackstone":54,"another_furniture:white_tall_stool":5,"chipped:pillar_dirt_bricks":1,"minecraft:calcite":7,"minecraft:chest":15,"minecraft:cobblestone":25,"minecraft:honeycomb_block":38,"minecraft:slime_block":1,"a_man_with_plushies:red_spycrab_plush":1,"minecraft:grindstone":2,"minecraft:wall_torch":1,"minecraft:seagrass":2,"minecraft:birch_log":18,"croptopia:chile_pepper_crop":97,"chipped:dirt_bricks":2,"minecraft:oak_log":42,"another_furniture:white_sofa":5,"minecraft:lime_terracotta":17,"minecraft:sand":356,"minecraft:dirt":192,"minecraft:netherrack":646,"minecraft:nether_gold_ore":44,"minecraft:diamond_ore":1,"minecraft:tuff":2,"croptopia:kale_crop":1,"minecraft:deepslate_diamond_ore":36,"chipped:mason_table":1,"minecraft:birch_slab":12,"minecraft:spruce_leaves":23,"minecraft:sandstone":9,"minecraft:crimson_stem":3,"minecraft:large_fern":6,"minecraft:hay_block":4,"minecraft:furnace":18,"chipped:meming_soul_sand":1,"minecraft:chiseled_sandstone":1,"minecraft:dark_oak_fence_gate":2,"minecraft:stripped_spruce_log":3,"minecraft:gold_block":1,"minecraft:shroomlight":23,"minecraft:lantern":2,"minecraft:stone":1183,"minecraft:scaffolding":19,"chipped:happy_soul_sand":1,"minecraft:basalt":5,"minecraft:oak_fence":2,"minecraft:crafting_table":5,"chipped:fancy_white_redstone_lamp":14,"minecraft:sculk_sensor":1,"minecraft:stone_slab":11,"minecraft:red_concrete":5,"minecraft:sculk":491,"minecraft:spruce_stairs":94,"minecraft:cactus":2,"chipped:shroomlight_lantern":7,"chipped:anguished_jack_o_lantern":1,"minecraft:redstone_torch":13,"minecraft:sweet_berry_bush":12,"minecraft:ice":7,"minecraft:coal_ore":257,"croptopia:kiwi_crop":18,"minecraft:cracked_stone_bricks":17,"minecraft:mossy_stone_bricks":16},"minecraft:crafted":{"mutantmonsters:mutant_skeleton_leggings":1,"immersive_aircraft:engine":1,"minecraft:smooth_stone":6,"travelersbackpack:crafting_upgrade":1,"minecraft:purple_bed":1,"minecraft:blaze_powder":2,"travelersbackpack:diamond":3,"minecraft:glass":128,"minecraft:diamond_helmet":2,"minecraft:diamond_leggings":3,"croptopia:salt":13,"minecraft:flower_pot":3,"minecraft:glass_bottle":15,"minecraft:redstone_lamp":16,"minecraft:emerald":48,"travelersbackpack:standard":1,"minecraft:spruce_door":3,"croptopia:corn_seed":1,"minecraft:smithing_table":1,"minecraft:copper_ingot":21,"croptopia:leek_seed":1,"immersive_aircraft:propeller":1,"travelersbackpack:red_sleeping_bag":1,"croptopia:kiwi_seed":1,"minecraft:gold_ingot":83,"croptopia:knife":1,"minecraft:composter":1,"minecraft:spruce_fence_gate":3,"minecraft:golden_carrot":27,"croptopia:cooking_pot":1,"minecraft:iron_nugget":675,"minecraft:jack_o_lantern":3,"minecraft:bone_meal":9,"minecraft:spruce_fence":18,"minecraft:white_carpet":36,"travelersbackpack:blank_upgrade":4,"travelersbackpack:gold_tier_upgrade":1,"minecraft:lantern":18,"minecraft:spruce_stairs":20,"minecraft:spruce_slab":6,"minecraft:diamond_boots":1,"minecraft:dark_oak_planks":20,"croptopia:frying_pan":1,"minecraft:wheat":36,"minecraft:coal_block":30,"immersive_aircraft:cargo_airship":1,"mca:engagement_ring":2,"croptopia:food_press":1,"croptopia:water_bottle":32,"croptopia:milk_bottle":48,"minecraft:glowstone":16,"minecraft:wooden_axe":1,"torchmaster:feral_flare_lantern":2,"minecraft:brick":320,"minecraft:oak_planks":200,"minecraft:stone":1544,"croptopia:apple_juice":16,"croptopia:kale_seed":1,"mutantmonsters:mutant_skeleton_arms":1,"minecraft:hopper":1,"minecraft:stone_brick_slab":12,"minecraft:bow":7,"immersive_aircraft:hull":3,"minecraft:chest":24,"morebows:iron_bow":1,"minecraft:bricks":77,"minecraft:ender_eye":1,"minecraft:stone_bricks":1024,"minecraft:oak_fence":18,"chipped:mason_table":1,"minecraft:smoker":1,"minecraft:golden_boots":1,"minecraft:oak_slab":252,"travelersbackpack:iron_tier_upgrade":1,"croptopia:cheeseburger":9,"minecraft:crafting_table":8,"minecraft:spruce_planks":556,"minecraft:red_wool":2,"chipped:carpenters_table":1,"minecraft:birch_planks":12,"minecraft:pumpkin_seeds":24,"minecraft:tnt":1,"minecraft:apple":132,"minecraft:stick":144,"chipped:botanist_workbench":1,"minecraft:iron_ingot":128,"minecraft:redstone_torch":17,"minecraft:dark_oak_fence_gate":2,"croptopia:chile_pepper_seed":1,"minecraft:shears":2,"minecraft:cherry_planks":72,"minecraft:wooden_sword":15,"minecraft:redstone":153,"simplyswords:diamond_scythe":1,"immersive_aircraft:sail":6,"minecraft:furnace":12,"minecraft:blast_furnace":2,"minecraft:piston":5,"croptopia:broccoli_seed":1,"minecraft:glass_pane":64,"minecraft:scaffolding":36,"minecraft:iron_hoe":3,"chipped:tinkering_table":1,"minecraft:netherite_scrap":2,"travelersbackpack:diamond_tier_upgrade":1,"immersive_aircraft:airship":1,"minecraft:red_dye":6,"minecraft:crimson_planks":12,"immersive_aircraft:enhanced_propeller":1,"immersive_aircraft:boiler":1,"travelersbackpack:backpack_tank":4,"croptopia:mortar_and_pestle":1,"minecraft:bucket":12,"minecraft:air":0,"minecraft:bread":42,"minecraft:white_wool":2,"croptopia:cheese":9,"morebows:ender_bow":1,"croptopia:lettuce_seed":1,"minecraft:torch":412,"mca:wedding_ring":1,"chipped:glassblower":1,"minecraft:diamond_chestplate":3}},"DataVersion":3465}