{"stats":{"minecraft:crafted":{"minecraft:oak_planks":40,"iceandfire:armor_sapphire_helmet":1,"minecraft:crafting_table":1,"minecraft:stick":8,"iceandfire:armor_sapphire_chestplate":1,"minecraft:wooden_axe":1,"iceandfire:armor_green_boots":1},"minecraft:dropped":{"iceandfire:armor_green_boots":1,"iceandfire:manuscript":4},"minecraft:picked_up":{"minecraft:stick":14,"minecraft:crafting_table":2,"iceandfire:dragonscales_green":7,"mca:comb":1,"croptopia:peach":36,"minecraft:leather":2,"iceandfire:dragonscales_sapphire":14,"mca:needle_and_thread":1,"minecraft:oak_log":83,"iceandfire:manuscript":4,"antlers:tomahawkitem":1,"iceandfire:armor_green_leggings":1,"minecraft:slime_ball":1,"minecraft:apple":25,"minecraft:wheat_seeds":7,"minecraft:gold_nugget":8,"croptopia:orange":21,"minecraft:beef":4,"pvz_zengarden:zengarden_guide":1,"minecraft:oak_sapling":22,"iceandfire:armor_bronze_boots":1,"minecraft:oak_planks":1,"minecraft:coal":1},"minecraft:custom":{"minecraft:time_since_rest":26443,"minecraft:sprint_one_cm":38134,"minecraft:damage_taken":80,"minecraft:walk_one_cm":50082,"minecraft:mob_kills":1,"minecraft:drop":2,"minecraft:damage_dealt":20,"minecraft:swim_one_cm":1534,"minecraft:interact_with_crafting_table":7,"minecraft:fly_one_cm":64039,"minecraft:open_chest":11,"minecraft:crouch_one_cm":2988,"minecraft:play_time":26443,"minecraft:sneak_time":1233,"minecraft:walk_under_water_one_cm":319,"minecraft:jump":283,"minecraft:walk_on_water_one_cm":464,"minecraft:time_since_death":26443,"minecraft:total_world_time":26443,"minecraft:fall_one_cm":6231},"minecraft:used":{"minecraft:oak_log":10,"minecraft:wooden_axe":17,"minecraft:apple":7,"iceandfire:armor_sapphire_helmet":1,"croptopia:peach":1,"minecraft:crafting_table":2,"alexsmobs:animal_dictionary":1},"minecraft:killed":{"naturalist:snail":1},"minecraft:mined":{"minecraft:crafting_table":2,"minecraft:grass":4,"minecraft:oak_log":82,"minecraft:tall_grass":3,"minecraft:oak_planks":1}},"DataVersion":3465}