{"stats":{"minecraft:mined":{"minecraft:white_bed":3,"minecraft:sculk_vein":227,"a_man_with_plushies:blue_pikmin_plush":1,"minecraft:grass_block":490,"minecraft:spawner":4,"minecraft:magma_block":1,"minecraft:sculk_catalyst":24,"minecraft:cobbled_deepslate":4,"minecraft:iron_ore":76,"minecraft:barrel":1,"minecraft:fire":25,"minecraft:sculk_shrieker":2,"minecraft:pink_tulip":7,"minecraft:iron_block":1,"minecraft:green_bed":1,"alexscaves:amber":46,"minecraft:red_bed":1,"minecraft:soul_fire":2,"iceandfire:dragon_ice_spikes":24,"minecraft:torch":4,"minecraft:glass":2,"minecraft:cobblestone":38,"minecraft:sugar_cane":12,"minecraft:oak_planks":3,"minecraft:iron_door":1,"minecraft:wall_torch":2,"minecraft:chain":4,"mutantmonsters:mutant_skeleton_skull":1,"minecraft:grass":58,"minecraft:oak_log":410,"minecraft:sand":21,"minecraft:dirt":383,"minecraft:netherrack":45,"minecraft:deepslate":36,"minecraft:deepslate_tiles":12,"minecraft:diamond_ore":3,"alexscaves:spelunkery_table":1,"minecraft:tuff":2,"disenchanting:disenchanter":2,"minecraft:deepslate_diamond_ore":11,"iceandfire:frozen_cobblestone":1,"born_in_chaos_v1:infected_diamond_ore":3,"minecraft:allium":13,"iceandfire:frozen_stone":8,"minecraft:hay_block":15,"minecraft:oxidized_cut_copper":4,"minecraft:snow":6,"minecraft:andesite":17,"minecraft:stripped_spruce_log":2,"minecraft:gold_block":1,"minecraft:polished_deepslate":2,"minecraft:bookshelf":46,"minecraft:oxidized_cut_copper_slab":2,"minecraft:white_tulip":1,"minecraft:stone":444,"minecraft:cornflower":6,"minecraft:crafting_table":6,"minecraft:emerald_ore":2,"minecraft:sculk_sensor":46,"minecraft:stone_slab":18,"minecraft:tall_grass":22,"minecraft:deepslate_gold_ore":4,"minecraft:sculk":2155,"minecraft:purple_bed":1,"minecraft:ice":2,"minecraft:coal_ore":131,"minecraft:gravel":108,"minecraft:cobweb":16,"minecraft:fern":7},"minecraft:custom":{"minecraft:interact_with_crafting_table":71,"minecraft:open_barrel":136,"minecraft:bell_ring":1,"minecraft:leave_game":5,"minecraft:time_since_death":45010,"minecraft:sprint_one_cm":935395,"minecraft:drop":102,"minecraft:talked_to_villager":1,"minecraft:play_time":474068,"minecraft:deaths":8,"minecraft:jump":5743,"minecraft:interact_with_brewingstand":1,"minecraft:walk_on_water_one_cm":66902,"minecraft:enchant_item":1,"minecraft:interact_with_furnace":45,"minecraft:interact_with_loom":11,"minecraft:sleep_in_bed":16,"minecraft:damage_dealt":41854,"minecraft:player_kills":1,"minecraft:crouch_one_cm":18074,"minecraft:interact_with_smoker":14,"minecraft:inspect_dispenser":1,"minecraft:interact_with_anvil":2,"minecraft:mob_kills":176,"minecraft:damage_dealt_resisted":9272,"minecraft:climb_one_cm":4107,"minecraft:walk_one_cm":1275661,"minecraft:damage_dealt_absorbed":130,"minecraft:sneak_time":9618,"minecraft:walk_under_water_one_cm":25075,"minecraft:total_world_time":474068,"minecraft:interact_with_grindstone":12,"minecraft:time_since_rest":17568,"minecraft:damage_taken":2147483647,"minecraft:swim_one_cm":83742,"minecraft:fly_one_cm":1594942,"minecraft:open_chest":564,"minecraft:fall_one_cm":151355},"minecraft:used":{"iceandfire:lectern":1,"minecraft:iron_shovel":262,"minecraft:polished_deepslate":2,"minecraft:diamond_hoe":1563,"minecraft:chest":11,"minecraft:iron_sword":155,"minecraft:oxidized_cut_copper":4,"minecraft:carrot":1,"iceandfire:frozen_stone":5,"croptopia:peach":1,"minecraft:magma_block":1,"minecraft:bow":6,"minecraft:furnace":4,"minecraft:cooked_cod":11,"iceandfire:armor_green_leggings":1,"iceandfire:frozen_cobblestone":2,"iceandfire:armor_bronze_boots":1,"iceandfire:armor_sapphire_chestplate":1,"minecraft:oak_planks":4,"artifacts:eternal_steak":25,"travelersbackpack:iron_golem":1,"simplyswords:diamond_halberd":370,"minecraft:diamond_axe":62,"minecraft:sand":21,"alexscaves:cave_book":1,"minecraft:oxidized_cut_copper_slab":2,"mutantmonsters:mutant_skeleton_skull":1,"minecraft:bread":43,"minecraft:iron_door":1,"iceandfire:ice_dragon_flesh":13,"minecraft:gravel":32,"minecraft:diamond_sword":230,"minecraft:grindstone":1,"minecraft:chain":5,"minecraft:andesite":17,"a_man_with_plushies:red_pikmin_plush":1,"minecraft:golden_pickaxe":51,"minecraft:oak_fence":1,"minecraft:flint_and_steel":10,"croptopia:glowing_calamari":1,"minecraft:light_gray_carpet":1,"born_in_chaos_v1:black_argillite":2,"minecraft:stone_hoe":393,"minecraft:netherrack":9,"minecraft:torch":162,"minecraft:dirt":191,"minecraft:anvil":1,"minecraft:iron_hoe":500,"minecraft:wooden_axe":18,"minecraft:bookshelf":2,"minecraft:barrel":1,"iceandfire:dragonegg_gray":1,"minecraft:cooked_beef":4,"minecraft:cobbled_deepslate":22,"minecraft:enchanted_golden_apple":1,"minecraft:water_bucket":7,"iceandfire:fire_dragon_flesh":8,"iceandfire:armor_sapphire_helmet":2,"minecraft:green_bed":1,"minecraft:rail":1,"minecraft:crafting_table":8,"minecraft:red_bed":1,"disenchanting:disenchanter":3,"minecraft:white_bed":3,"minecraft:smoker":2,"minecraft:oak_log":10,"minecraft:diamond_pickaxe":69,"minecraft:apple":23,"minecraft:diamond_shovel":733,"minecraft:iron_pickaxe":840,"minecraft:stone_slab":2,"minecraft:stone_axe":12,"minecraft:cobblestone":104,"minecraft:purple_bed":1,"minecraft:cooked_porkchop":4,"minecraft:bucket":8,"alexsmobs:animal_dictionary":2},"minecraft:picked_up":{"minecraft:stone_slab":27,"minecraft:diamond_sword":1,"minecraft:polished_deepslate":2,"born_in_chaos_v1:black_argillite":2,"iceandfire:manuscript":4,"minecraft:string":26,"mutantmonsters:mutant_skeleton_skull":2,"minecraft:raw_copper":8,"minecraft:deepslate_tiles":11,"minecraft:gold_nugget":146,"minecraft:cobbled_deepslate":48,"minecraft:bucket":1,"minecraft:spruce_planks":4,"minecraft:white_tulip":2,"minecraft:enchanted_golden_apple":1,"hangglider:hang_glider":1,"iceandfire:armor_bronze_boots":1,"minecraft:tipped_arrow":3,"minecraft:stick":95,"minecraft:oak_fence":1,"minecraft:torch":29,"minecraft:green_bed":1,"minecraft:porkchop":7,"disenchanting:disenchanter":2,"mutantmonsters:mutant_skeleton_pelvis":1,"minecraft:rotten_flesh":43,"iceandfire:dragonegg_bronze":2,"relics:horse_flute":1,"iceandfire:fire_dragon_heart":1,"minecraft:iron_block":2,"create:asurine":1,"reliquary:mob_charm_fragment":3,"mutantmonsters:mutant_skeleton_shoulder_pad":1,"minecraft:snowball":6,"minecraft:cobblestone":482,"born_in_chaos_v1:staffof_magic_arrows":1,"minecraft:enchanting_table":1,"botania:cyan_mushroom":1,"travelersbackpack:iron_golem":2,"iceandfire:sapphire_gem":1,"minecraft:magma_block":1,"minecraft:feather":4,"minecraft:iron_door":1,"born_in_chaos_v1:spiritual_dust":1,"minecraft:andesite":21,"minecraft:flint":14,"alexscaves:cave_book":1,"minecraft:tuff":5,"minecraft:dirt":877,"iceandfire:dragonscales_bronze":107,"antlers:tomahawkitem":126,"born_in_chaos_v1:monster_skin":14,"minecraft:leather_boots":1,"minecraft:bone":31,"botania:cyan_mystical_flower":2,"minecraft:bow":2,"minecraft:wheat_seeds":40,"minecraft:raw_gold":5,"iceandfire:dragon_meal":1,"minecraft:oak_planks":8,"minecraft:cooked_porkchop":4,"mca:comb":1,"croptopia:plum":11,"relics:hunter_belt":1,"patchouli:guide_book":1,"iceandfire:dragonscales_sapphire":72,"mca:needle_and_thread":1,"iceandfire:dragon_skull_fire":2,"iceandfire:shiny_scales":7,"minecraft:sand":26,"minecraft:stripped_spruce_log":2,"alexsmobs:animal_dictionary":1,"minecraft:oxidized_cut_copper_slab":2,"minecraft:barrel":1,"minecraft:diamond":21,"minecraft:lever":1,"minecraft:light_gray_carpet":1,"minecraft:emerald":4,"iceandfire:gorgon_head":1,"minecraft:oak_sapling":178,"born_in_chaos_v1:rotten_fish":2,"minecraft:netherrack":41,"iceandfire:silver_nugget":66,"born_in_chaos_v1:diamond_termite_shard":6,"minecraft:crafting_table":6,"minecraft:allium":62,"minecraft:chicken":5,"croptopia:peach":62,"minecraft:clay_ball":32,"born_in_chaos_v1:seedof_chaos":5,"simplyswords:diamond_katana":1,"friendsandfoes:totem_of_illusion":1,"minecraft:gold_block":1,"iceandfire:frozen_cobblestone":2,"minecraft:chain":5,"minecraft:cornflower":39,"iceandfire:frozen_stone":7,"minecraft:red_bed":1,"minecraft:moss_carpet":2,"iceandfire:armor_green_leggings":1,"born_in_chaos_v1:intoxicating_decoction":3,"iceandfire:bestiary":2,"minecraft:beef":7,"born_in_chaos_v1:gnawed_bones":6,"minecraft:iron_nugget":1,"minecraft:light_gray_wool":1,"minecraft:sugar_cane":31,"iceandfire:ice_dragon_heart":1,"iceandfire:dragonscales_green":7,"minecraft:raw_iron":79,"iceandfire:dragonscales_gray":52,"iceandfire:dragonbone":127,"minecraft:stone":2,"reliquary:rib_bone":1,"born_in_chaos_v1:pieceofdarkmetal":3,"minecraft:carrot":2,"iceandfire:dragon_skull_ice":4,"artifacts:everlasting_beef":1,"minecraft:arrow":29,"minecraft:diamond_chestplate":1,"iceandfire:dragonscales_silver":101,"minecraft:hay_block":15,"pvz_zengarden:zengarden_guide":2,"alexscaves:spelunkery_table":2,"mutantmonsters:mutant_skeleton_rib":3,"minecraft:pink_tulip":88,"born_in_chaos_v1:spiny_shell":3,"artifacts:pocket_piston":1,"minecraft:mutton":22,"minecraft:rail":6,"minecraft:white_wool":10,"minecraft:oxeye_daisy":10,"born_in_chaos_v1:fused_bone":1,"born_in_chaos_v1:corpse_maggot":6,"artifacts:eternal_steak":1,"iceandfire:sea_serpent_fang":1,"born_in_chaos_v1:monster_flesh":6,"minecraft:glow_ink_sac":10,"minecraft:leather":4,"croptopia:glowing_calamari":6,"botania:light_gray_mushroom":1,"minecraft:oak_log":413,"iceandfire:dragonegg_gray":2,"minecraft:gunpowder":4,"mutantmonsters:mutant_skeleton_limb":6,"mca:book_romance":1,"relics:spore_sack":3,"iceandfire:dragonscales_blue":8,"minecraft:paper":3,"alexscaves:amber":19,"minecraft:stone_bricks":2,"minecraft:apple":60,"minecraft:iron_ingot":54,"relics:infinity_ham":1,"minecraft:glass_bottle":1,"iceandfire:sea_serpent_scales_deepblue":8,"iceandfire:fire_dragon_flesh":18,"minecraft:oxidized_cut_copper":4,"minecraft:book":138,"born_in_chaos_v1:lifestealer_bone":6,"iceandfire:ash":3,"born_in_chaos_v1:ethereal_spirit":6,"minecraft:gravel":108,"minecraft:spruce_sapling":1,"born_in_chaos_v1:fangofthe_hound_leader":2,"minecraft:white_bed":3,"minecraft:spruce_log":1,"a_man_with_plushies:red_pikmin_plush":7,"minecraft:spider_eye":1,"arphex:fly_appendage":1,"minecraft:purple_bed":1,"minecraft:slime_ball":3,"minecraft:stone_axe":1,"hole_filler_mod:throwable_hole_filler":2,"croptopia:orange":43,"minecraft:gray_wool":3,"iceandfire:ice_dragon_flesh":19,"alexscaves:cave_map":1,"minecraft:coal":134},"minecraft:killed_by":{"iceandfire:ice_dragon":1,"iceandfire:fire_dragon":2,"born_in_chaos_v1:lifestealer_true_form":1,"iceandfire:gorgon":2},"minecraft:broken":{"minecraft:iron_shovel":1,"iceandfire:armor_bronze_boots":1,"iceandfire:armor_green_leggings":1,"minecraft:iron_hoe":2,"minecraft:diamond_hoe":1,"iceandfire:armor_sapphire_helmet":1,"minecraft:stone_hoe":3,"minecraft:iron_pickaxe":1,"iceandfire:armor_sapphire_chestplate":1},"minecraft:killed":{"born_in_chaos_v1:zombie_clown":2,"born_in_chaos_v1:supreme_bonescaller_not_despawn":1,"born_in_chaos_v1:restless_spirit":3,"born_in_chaos_v1:skeleton_demoman":2,"born_in_chaos_v1:door_knight_not_despawn":1,"lcm:bunker_spider":1,"minecraft:spider":6,"born_in_chaos_v1:siamese_skeletonsright":1,"born_in_chaos_v1:baby_skeleton_minion":9,"naturalist:snail":1,"minecraft:skeleton":21,"minecraft:chicken":2,"born_in_chaos_v1:skeleton_thrasher":1,"creeperoverhaul:cave_creeper":1,"minecraft:illusioner":1,"born_in_chaos_v1:supreme_bonescaller_stage_2":1,"lcm:hygrodere":1,"born_in_chaos_v1:bonescaller":1,"minecraft:pig":4,"born_in_chaos_v1:diamond_termite":6,"minecraft:sheep":14,"lcm:nutcracker":1,"minecraft:zombie":15,"born_in_chaos_v1:dread_hound":9,"lcm:coil_head":2,"born_in_chaos_v1:corpse_fly":5,"minecraft:stray":2,"minecraft:glow_squid":1,"cave_dweller:cave_dweller":2,"born_in_chaos_v1:door_knight":2,"arphex:spider_larvae":1,"minecraft:cow":1,"iceandfire:sea_serpent":1,"born_in_chaos_v1:siamese_skeletonsleft":1,"alexscaves:vallumraptor":3,"alexsmobs:raccoon":1,"lcm:baboon_hawk":1,"alexsmobs:seagull":2,"born_in_chaos_v1:thornshell_crab":1,"arphex:moth_moonchaser":1,"born_in_chaos_v1:zombie_bruiser":1,"born_in_chaos_v1:maggot":9,"iceandfire:fire_dragon":1,"iceandfire:hippocampus":2,"born_in_chaos_v1:spiritof_chaos":3,"born_in_chaos_v1:bone_imp_minion":7,"born_in_chaos_v1:baby_skeleton":1,"born_in_chaos_v1:swarmer":1,"lcm:thumper":1,"majruszsdifficulty:cursed_armor":1,"lcm:bracken":1,"lcm:jester":2,"born_in_chaos_v1:decrepit_skeleton":2,"born_in_chaos_v1:dark_vortex":1,"born_in_chaos_v1:bonescaller_not_despawn":2,"iceandfire:ice_dragon":4},"minecraft:crafted":{"minecraft:grindstone":1,"minecraft:oak_planks":268,"iceandfire:armor_silver_boots":1,"iceandfire:armor_sapphire_chestplate":1,"hangglider:hang_glider":1,"iceandfire:lectern":1,"minecraft:diamond_shovel":2,"minecraft:bookshelf":16,"hole_filler_mod:throwable_hole_filler":32,"minecraft:chest":11,"minecraft:stone_hoe":3,"minecraft:smoker":2,"iceandfire:armor_sapphire_helmet":1,"iceandfire:armor_silver_leggings":2,"minecraft:diamond_axe":1,"minecraft:crafting_table":4,"minecraft:spruce_planks":16,"minecraft:iron_chestplate":2,"minecraft:paper":27,"minecraft:book":9,"minecraft:diamond_pickaxe":2,"minecraft:stick":100,"minecraft:iron_ingot":72,"minecraft:iron_pickaxe":2,"minecraft:iron_block":6,"disenchanting:disenchanter":1,"minecraft:gold_ingot":9,"simplyswords:diamond_halberd":1,"artifacts:eternal_steak":1,"hangglider:glider_framework":2,"minecraft:iron_nugget":129,"minecraft:diamond_hoe":1,"iceandfire:dragon_stick":1,"minecraft:furnace":6,"hangglider:glider_wing":4,"minecraft:flint_and_steel":1,"antlers:tomahawkitem":208,"minecraft:leather":20,"iceandfire:armor_silver_chestplate":1,"minecraft:iron_hoe":2,"minecraft:wheat":135,"minecraft:cooked_beef":4,"minecraft:cooked_cod":12,"iceandfire:dragon_meal":7,"minecraft:iron_sword":2,"minecraft:bucket":1,"minecraft:bone":36,"minecraft:stone_axe":1,"minecraft:bread":45,"minecraft:air":0,"iceandfire:bestiary":1,"minecraft:wooden_axe":1,"minecraft:iron_shovel":1,"minecraft:anvil":2,"minecraft:torch":152,"iceandfire:armor_silver_helmet":1,"minecraft:clay":8,"iceandfire:armor_green_boots":1},"minecraft:dropped":{"minecraft:iron_sword":1,"minecraft:oak_log":2,"minecraft:diamond":1,"minecraft:cooked_porkchop":2,"iceandfire:ice_dragon_flesh":6,"iceandfire:fire_dragon_flesh":10,"relics:horse_flute":1,"born_in_chaos_v1:pieceofdarkmetal":1,"born_in_chaos_v1:monster_flesh":3,"relics:leather_belt":1,"artifacts:superstitious_hat":1,"born_in_chaos_v1:monster_skin":1,"iceandfire:armor_copper_chestplate":1,"minecraft:cornflower":3,"minecraft:cooked_cod":1,"alexscaves:cave_map":1,"minecraft:iron_pickaxe":3,"minecraft:bone":24,"hangglider:glider_framework":1,"minecraft:stone_axe":2,"hangglider:hang_glider":2,"alexsmobs:animal_dictionary":1,"minecraft:cobbled_deepslate":6,"alexscaves:cave_tablet":3,"hangglider:glider_wing":2,"minecraft:rotten_flesh":16,"iceandfire:dragonegg_bronze":2,"iceandfire:dragonscales_blue":8,"simplyswords:diamond_katana":1,"born_in_chaos_v1:seedof_chaos":1,"hole_filler_mod:throwable_hole_filler":7,"travelersbackpack:iron_golem":2,"born_in_chaos_v1:corpse_maggot":5,"iceandfire:bestiary":2,"iceandfire:armor_bronze_leggings":1,"iceandfire:manuscript":4,"minecraft:bread":41,"minecraft:iron_ingot":51,"minecraft:water_bucket":1,"iceandfire:dragonscales_sapphire":103,"relics:spore_sack":3,"minecraft:wheat_seeds":4,"iceandfire:armor_sapphire_helmet":1,"minecraft:book":3,"alexscaves:spelunkery_table":2,"antlers:tomahawkitem":61,"iceandfire:armor_sapphire_boots":1,"minecraft:torch":58,"minecraft:diamond_helmet":1,"born_in_chaos_v1:lifestealer_bone":2,"artifacts:feral_claws":1,"minecraft:paper":11,"iceandfire:dragonegg_gray":1,"iceandfire:dragonbone":11,"minecraft:pink_tulip":7,"iceandfire:silver_nugget":20,"minecraft:stone_slab":9,"minecraft:shield":2,"minecraft:allium":11,"iceandfire:armor_green_boots":1,"minecraft:diamond_pickaxe":2,"minecraft:andesite":3,"minecraft:oak_sapling":138,"minecraft:spider_eye":3,"minecraft:spruce_log":17,"minecraft:slime_ball":1}},"DataVersion":3465}