{"stats":{"minecraft:mined":{"alexscaves:spelunkery_table":1,"minecraft:diamond_ore":3,"minecraft:tuff":2,"minecraft:white_bed":3,"minecraft:deepslate_diamond_ore":11,"minecraft:sculk_vein":7,"iceandfire:frozen_cobblestone":1,"born_in_chaos_v1:infected_diamond_ore":1,"iceandfire:frozen_stone":8,"minecraft:allium":1,"minecraft:oxidized_cut_copper":4,"minecraft:sculk_catalyst":5,"minecraft:iron_ore":52,"minecraft:cobbled_deepslate":4,"minecraft:fire":17,"minecraft:andesite":12,"minecraft:bookshelf":1,"minecraft:oxidized_cut_copper_slab":2,"minecraft:stone":141,"minecraft:green_bed":1,"alexscaves:amber":46,"minecraft:crafting_table":4,"iceandfire:dragon_ice_spikes":22,"minecraft:torch":2,"minecraft:emerald_ore":2,"minecraft:sculk_sensor":6,"minecraft:stone_slab":9,"minecraft:cobblestone":29,"minecraft:glass":2,"minecraft:tall_grass":12,"minecraft:deepslate_gold_ore":4,"minecraft:oak_planks":1,"minecraft:sculk":378,"minecraft:wall_torch":1,"minecraft:ice":1,"minecraft:grass":14,"minecraft:coal_ore":54,"minecraft:oak_log":88,"minecraft:cobweb":15,"minecraft:fern":1,"minecraft:deepslate":36},"minecraft:custom":{"minecraft:mob_kills":50,"minecraft:interact_with_crafting_table":31,"minecraft:open_barrel":40,"minecraft:damage_dealt_resisted":3989,"minecraft:leave_game":4,"minecraft:time_since_death":36853,"minecraft:climb_one_cm":1362,"minecraft:sprint_one_cm":325783,"minecraft:walk_one_cm":429186,"minecraft:drop":62,"minecraft:damage_dealt_absorbed":74,"minecraft:play_time":175470,"minecraft:deaths":3,"minecraft:sneak_time":7447,"minecraft:walk_under_water_one_cm":14844,"minecraft:jump":2095,"minecraft:walk_on_water_one_cm":33194,"minecraft:total_world_time":175470,"minecraft:interact_with_furnace":23,"minecraft:interact_with_loom":11,"minecraft:sleep_in_bed":4,"minecraft:time_since_rest":36881,"minecraft:damage_taken":3430,"minecraft:damage_dealt":9969,"minecraft:swim_one_cm":10974,"minecraft:fly_one_cm":376784,"minecraft:open_chest":206,"minecraft:crouch_one_cm":13613,"minecraft:interact_with_smoker":10,"minecraft:fall_one_cm":56505,"minecraft:inspect_dispenser":1},"minecraft:used":{"iceandfire:lectern":1,"minecraft:oak_fence":1,"minecraft:chest":7,"born_in_chaos_v1:black_argillite":2,"minecraft:iron_sword":155,"minecraft:stone_hoe":393,"minecraft:oxidized_cut_copper":4,"minecraft:torch":56,"minecraft:carrot":1,"iceandfire:frozen_stone":5,"minecraft:wooden_axe":18,"croptopia:peach":1,"minecraft:bow":6,"minecraft:furnace":4,"minecraft:cooked_cod":11,"minecraft:cooked_beef":4,"iceandfire:armor_green_leggings":1,"iceandfire:frozen_cobblestone":2,"minecraft:cobbled_deepslate":22,"minecraft:enchanted_golden_apple":1,"iceandfire:armor_bronze_boots":1,"iceandfire:fire_dragon_flesh":1,"iceandfire:armor_sapphire_chestplate":1,"minecraft:oak_planks":4,"iceandfire:armor_sapphire_helmet":2,"minecraft:green_bed":1,"minecraft:rail":1,"minecraft:crafting_table":6,"alexscaves:cave_book":1,"minecraft:white_bed":3,"minecraft:oxidized_cut_copper_slab":2,"minecraft:smoker":2,"minecraft:oak_log":10,"minecraft:apple":23,"minecraft:iron_pickaxe":449,"iceandfire:ice_dragon_flesh":13,"minecraft:gravel":5,"minecraft:stone_axe":12,"minecraft:diamond_sword":116,"minecraft:cobblestone":90,"minecraft:cooked_porkchop":4,"minecraft:andesite":12,"alexsmobs:animal_dictionary":1},"minecraft:picked_up":{"born_in_chaos_v1:diamond_termite_shard":2,"minecraft:crafting_table":4,"minecraft:allium":1,"simplyswords:diamond_katana":1,"croptopia:peach":49,"born_in_chaos_v1:seedof_chaos":1,"minecraft:stone_slab":18,"minecraft:diamond_sword":1,"iceandfire:frozen_cobblestone":2,"born_in_chaos_v1:black_argillite":2,"iceandfire:manuscript":4,"minecraft:string":18,"iceandfire:frozen_stone":7,"minecraft:moss_carpet":2,"minecraft:raw_copper":8,"iceandfire:armor_green_leggings":1,"minecraft:gold_nugget":146,"minecraft:cobbled_deepslate":47,"minecraft:beef":4,"born_in_chaos_v1:gnawed_bones":5,"minecraft:enchanted_golden_apple":1,"iceandfire:armor_bronze_boots":1,"iceandfire:ice_dragon_heart":1,"iceandfire:dragonbone":119,"minecraft:stick":14,"minecraft:raw_iron":56,"iceandfire:dragonscales_green":7,"iceandfire:dragonscales_gray":52,"reliquary:rib_bone":1,"minecraft:oak_fence":1,"minecraft:torch":25,"minecraft:green_bed":1,"minecraft:carrot":1,"iceandfire:dragon_skull_ice":3,"minecraft:arrow":13,"minecraft:diamond_chestplate":1,"minecraft:rotten_flesh":20,"iceandfire:dragonegg_bronze":2,"iceandfire:dragonscales_silver":101,"alexscaves:spelunkery_table":2,"iceandfire:fire_dragon_heart":1,"pvz_zengarden:zengarden_guide":1,"create:asurine":1,"reliquary:mob_charm_fragment":1,"minecraft:rail":6,"minecraft:cobblestone":168,"born_in_chaos_v1:fused_bone":1,"botania:cyan_mushroom":1,"born_in_chaos_v1:corpse_maggot":5,"iceandfire:sapphire_gem":1,"born_in_chaos_v1:monster_flesh":3,"born_in_chaos_v1:spiritual_dust":1,"minecraft:andesite":16,"minecraft:leather":2,"botania:light_gray_mushroom":1,"minecraft:flint":1,"alexscaves:cave_book":1,"minecraft:tuff":5,"minecraft:oak_log":91,"iceandfire:dragonegg_gray":2,"minecraft:gunpowder":2,"minecraft:paper":3,"iceandfire:dragonscales_bronze":107,"antlers:tomahawkitem":126,"alexscaves:amber":19,"born_in_chaos_v1:monster_skin":9,"minecraft:leather_boots":1,"minecraft:bone":14,"minecraft:apple":25,"minecraft:bow":1,"minecraft:wheat_seeds":8,"minecraft:raw_gold":4,"minecraft:iron_ingot":7,"minecraft:oak_planks":6,"iceandfire:fire_dragon_flesh":16,"minecraft:oxidized_cut_copper":4,"minecraft:book":3,"minecraft:cooked_porkchop":4,"mca:comb":1,"iceandfire:ash":3,"iceandfire:dragonscales_sapphire":72,"born_in_chaos_v1:ethereal_spirit":1,"minecraft:gravel":9,"mca:needle_and_thread":1,"iceandfire:dragon_skull_fire":2,"born_in_chaos_v1:fangofthe_hound_leader":2,"minecraft:white_bed":3,"minecraft:oxidized_cut_copper_slab":2,"minecraft:spider_eye":1,"minecraft:slime_ball":3,"minecraft:diamond":21,"minecraft:stone_axe":1,"minecraft:lever":1,"croptopia:orange":21,"iceandfire:ice_dragon_flesh":19,"minecraft:emerald":4,"minecraft:oak_sapling":27,"minecraft:coal":57,"iceandfire:silver_nugget":66},"minecraft:killed_by":{"iceandfire:ice_dragon":1,"iceandfire:fire_dragon":2},"minecraft:broken":{"minecraft:stone_hoe":3},"minecraft:killed":{"born_in_chaos_v1:skeleton_demoman":1,"minecraft:spider":2,"born_in_chaos_v1:siamese_skeletonsright":1,"born_in_chaos_v1:baby_skeleton_minion":1,"born_in_chaos_v1:maggot":5,"naturalist:snail":1,"minecraft:skeleton":7,"iceandfire:fire_dragon":1,"born_in_chaos_v1:skeleton_thrasher":1,"lcm:hygrodere":1,"born_in_chaos_v1:bonescaller":1,"born_in_chaos_v1:diamond_termite":2,"born_in_chaos_v1:baby_skeleton":1,"born_in_chaos_v1:swarmer":1,"lcm:jester":1,"minecraft:zombie":4,"born_in_chaos_v1:dread_hound":4,"born_in_chaos_v1:corpse_fly":4,"iceandfire:ice_dragon":3,"cave_dweller:cave_dweller":1,"born_in_chaos_v1:door_knight":1,"born_in_chaos_v1:siamese_skeletonsleft":1,"alexscaves:vallumraptor":3},"minecraft:crafted":{"minecraft:oak_planks":132,"minecraft:iron_nugget":126,"iceandfire:armor_sapphire_chestplate":1,"minecraft:furnace":6,"iceandfire:lectern":1,"antlers:tomahawkitem":208,"minecraft:chest":7,"minecraft:stone_hoe":3,"minecraft:smoker":2,"minecraft:cooked_beef":4,"minecraft:cooked_cod":12,"iceandfire:armor_sapphire_helmet":1,"minecraft:crafting_table":2,"minecraft:spruce_planks":8,"minecraft:iron_sword":1,"minecraft:bone":30,"minecraft:stone_axe":1,"minecraft:air":0,"iceandfire:bestiary":1,"minecraft:stick":72,"minecraft:iron_ingot":37,"minecraft:iron_pickaxe":1,"minecraft:wooden_axe":1,"minecraft:torch":36,"iceandfire:armor_green_boots":1},"minecraft:dropped":{"minecraft:bread":41,"minecraft:iron_ingot":51,"minecraft:water_bucket":1,"minecraft:iron_sword":1,"iceandfire:armor_sapphire_helmet":1,"minecraft:diamond":1,"minecraft:cooked_porkchop":2,"iceandfire:ice_dragon_flesh":6,"alexscaves:spelunkery_table":2,"iceandfire:fire_dragon_flesh":8,"antlers:tomahawkitem":61,"born_in_chaos_v1:monster_flesh":3,"iceandfire:armor_sapphire_boots":1,"relics:leather_belt":1,"artifacts:superstitious_hat":1,"iceandfire:armor_copper_chestplate":1,"born_in_chaos_v1:monster_skin":1,"minecraft:torch":37,"minecraft:cooked_cod":1,"minecraft:diamond_helmet":1,"minecraft:iron_pickaxe":3,"artifacts:feral_claws":1,"minecraft:paper":11,"minecraft:bone":1,"iceandfire:dragonegg_gray":1,"iceandfire:dragonbone":11,"iceandfire:silver_nugget":20,"minecraft:stone_axe":2,"hangglider:hang_glider":1,"minecraft:cobbled_deepslate":6,"alexscaves:cave_tablet":3,"minecraft:rotten_flesh":16,"iceandfire:dragonegg_bronze":1,"minecraft:stone_slab":9,"minecraft:shield":2,"simplyswords:diamond_katana":1,"iceandfire:armor_green_boots":1,"travelersbackpack:iron_golem":1,"minecraft:diamond_pickaxe":1,"minecraft:andesite":3,"born_in_chaos_v1:corpse_maggot":5,"minecraft:spider_eye":1,"minecraft:slime_ball":1,"minecraft:spruce_log":17,"iceandfire:manuscript":4,"iceandfire:armor_bronze_leggings":1}},"DataVersion":3465}