{"stats":{"minecraft:crafted":{"minecraft:oak_planks":60,"iceandfire:armor_sapphire_helmet":1,"minecraft:crafting_table":1,"minecraft:stick":8,"iceandfire:armor_sapphire_chestplate":1,"minecraft:iron_pickaxe":1,"minecraft:wooden_axe":1,"minecraft:iron_sword":1,"minecraft:chest":2,"minecraft:torch":20,"iceandfire:armor_green_boots":1},"minecraft:dropped":{"iceandfire:armor_green_boots":1,"iceandfire:manuscript":4},"minecraft:picked_up":{"minecraft:raw_iron":45,"minecraft:stick":14,"minecraft:crafting_table":2,"iceandfire:dragonscales_green":7,"minecraft:cooked_porkchop":4,"mca:comb":1,"croptopia:peach":49,"minecraft:andesite":4,"minecraft:leather":2,"minecraft:stone_slab":9,"iceandfire:dragonscales_sapphire":14,"mca:needle_and_thread":1,"minecraft:oak_log":89,"iceandfire:manuscript":4,"antlers:tomahawkitem":1,"iceandfire:armor_green_leggings":1,"minecraft:slime_ball":1,"minecraft:apple":25,"minecraft:wheat_seeds":7,"minecraft:gold_nugget":8,"minecraft:iron_ingot":7,"croptopia:orange":21,"minecraft:beef":4,"pvz_zengarden:zengarden_guide":1,"minecraft:oak_sapling":27,"iceandfire:armor_bronze_boots":1,"minecraft:oak_planks":1,"minecraft:coal":55,"minecraft:cobblestone":34},"minecraft:custom":{"minecraft:time_since_rest":38443,"minecraft:sprint_one_cm":60953,"minecraft:damage_taken":117,"minecraft:walk_one_cm":84796,"minecraft:mob_kills":1,"minecraft:drop":2,"minecraft:damage_dealt":80,"minecraft:swim_one_cm":1534,"minecraft:interact_with_crafting_table":10,"minecraft:fly_one_cm":97338,"minecraft:open_chest":17,"minecraft:crouch_one_cm":3527,"minecraft:play_time":38443,"minecraft:sneak_time":1817,"minecraft:walk_under_water_one_cm":319,"minecraft:jump":451,"minecraft:walk_on_water_one_cm":464,"minecraft:time_since_death":38443,"minecraft:total_world_time":38443,"minecraft:fall_one_cm":10477},"minecraft:used":{"minecraft:oak_log":10,"minecraft:wooden_axe":18,"minecraft:apple":9,"minecraft:iron_pickaxe":145,"minecraft:chest":2,"minecraft:iron_sword":1,"iceandfire:armor_sapphire_helmet":1,"minecraft:torch":8,"croptopia:peach":1,"minecraft:crafting_table":3,"minecraft:cooked_porkchop":1,"minecraft:andesite":2,"alexsmobs:animal_dictionary":1},"minecraft:killed":{"naturalist:snail":1},"minecraft:mined":{"minecraft:iron_ore":45,"minecraft:andesite":2,"minecraft:crafting_table":2,"minecraft:grass":5,"minecraft:coal_ore":54,"minecraft:oak_log":88,"minecraft:stone_slab":9,"minecraft:tall_grass":4,"minecraft:stone":35,"minecraft:oak_planks":1}},"DataVersion":3465}