{"stats":{"minecraft:crafted":{"minecraft:wooden_sword":1,"minecraft:oak_planks":72,"minecraft:redstone":2,"minecraft:emerald":6,"minecraft:crafting_table":1,"minecraft:wooden_pickaxe":1,"minecraft:bread":5,"minecraft:stick":8,"minecraft:wooden_axe":1,"minecraft:wheat":144},"minecraft:used":{"minecraft:white_tulip":4,"minecraft:oak_planks":6,"minecraft:oak_sign":1,"minecraft:wooden_pickaxe":20,"minecraft:composter":1,"minecraft:mutton":2,"minecraft:crafting_table":2,"minecraft:wooden_axe":41,"minecraft:apple":1,"minecraft:bread":4,"minecraft:wooden_sword":20,"minecraft:furnace":1,"minecraft:potato":4,"minecraft:experience_bottle":1},"minecraft:dropped":{"minecraft:white_tulip":2,"minecraft:bread":2,"mca:divorce_papers":1,"minecraft:crafting_table":1,"minecraft:book":1,"minecraft:item_frame":1,"minecraft:potato":4,"minecraft:dandelion":4},"minecraft:killed":{"friendsandfoes:copper_golem":1,"minecraft:sheep":1},"minecraft:picked_up":{"minecraft:wheat":35,"minecraft:crafting_table":4,"minecraft:potato":4,"minecraft:oak_log":50,"minecraft:dirt":6,"minecraft:lapis_lazuli":2,"minecraft:cornflower":1,"minecraft:string":2,"minecraft:lantern":1,"minecraft:item_frame":14,"minecraft:experience_bottle":1,"minecraft:bone":6,"minecraft:oak_sign":1,"minecraft:wheat_seeds":114,"minecraft:iron_ingot":2,"minecraft:white_tulip":9,"minecraft:iron_pickaxe":1,"minecraft:oak_planks":2,"minecraft:furnace":1,"minecraft:book":13,"minecraft:composter":1,"minecraft:copper_ingot":1,"minecraft:torch":1,"minecraft:dandelion":13,"mca:divorce_papers":1,"minecraft:white_dye":2,"minecraft:redstone":12,"minecraft:arrow":4,"minecraft:rotten_flesh":10,"minecraft:hay_block":16,"minecraft:emerald":2,"minecraft:bread":2,"minecraft:gold_ingot":2,"minecraft:mutton":4,"minecraft:white_wool":1,"minecraft:cobblestone":7},"minecraft:mined":{"minecraft:dandelion":9,"minecraft:crafting_table":3,"minecraft:cornflower":1,"minecraft:grass_block":4,"minecraft:redstone_wire":10,"minecraft:tall_grass":4,"minecraft:composter":1,"minecraft:oak_planks":2,"minecraft:wall_torch":1,"mca:cross_headstone":1,"minecraft:hay_block":16,"minecraft:furnace":1,"minecraft:wheat":55,"minecraft:grass":9,"minecraft:bookshelf":4,"minecraft:oak_log":50,"minecraft:oak_sign":1,"minecraft:dirt":2,"minecraft:white_tulip":7},"minecraft:custom":{"minecraft:interact_with_furnace":1,"minecraft:mob_kills":2,"minecraft:animals_bred":1,"minecraft:traded_with_villager":7,"minecraft:interact_with_crafting_table":2,"minecraft:eat_cake_slice":7,"minecraft:leave_game":2,"minecraft:time_since_death":63720,"minecraft:sleep_in_bed":2,"minecraft:climb_one_cm":734,"minecraft:time_since_rest":5487,"minecraft:sprint_one_cm":74444,"minecraft:damage_taken":1440,"minecraft:walk_one_cm":290595,"minecraft:drop":16,"minecraft:damage_dealt":477,"minecraft:swim_one_cm":6814,"minecraft:fly_one_cm":35750,"minecraft:open_chest":4,"minecraft:crouch_one_cm":3186,"minecraft:play_time":86326,"minecraft:deaths":4,"minecraft:sneak_time":443,"minecraft:walk_under_water_one_cm":1940,"minecraft:jump":455,"minecraft:walk_on_water_one_cm":1300,"minecraft:total_world_time":86326,"minecraft:fall_one_cm":15078,"minecraft:horse_one_cm":599},"minecraft:killed_by":{"minecraft:skeleton":1,"minecraft:creeper":1,"adventurez:orc":1,"minecraft:drowned":1}},"DataVersion":3465}