{"stats":{"minecraft:killed_by":{"iceandfire:lightning_dragon":1},"minecraft:crafted":{"minecraft:oak_planks":132,"iceandfire:armor_green_leggings":1,"minecraft:furnace":1,"minecraft:iron_axe":1,"minecraft:stone_pickaxe":1,"minecraft:chest":4,"minecraft:stone_hoe":1,"minecraft:wheat":495,"minecraft:crafting_table":2,"minecraft:wooden_pickaxe":1,"minecraft:stone_axe":1,"minecraft:bread":172,"iceandfire:armor_copper_chestplate":1,"minecraft:iron_chestplate":1,"minecraft:diamond_pickaxe":1,"minecraft:stick":4,"minecraft:wooden_axe":1,"minecraft:stone_sword":1,"iceandfire:armor_copper_helmet":1,"iceandfire:armor_green_boots":1},"minecraft:mined":{"iceandfire:silver_ore":1,"minecraft:spruce_planks":1,"minecraft:dark_oak_fence":3,"minecraft:cobbled_deepslate_slab":1,"minecraft:grass_block":3,"iceandfire:frozen_grass":1,"minecraft:mud_brick_wall":2,"minecraft:spawner":6,"minecraft:large_fern":1,"minecraft:hay_block":56,"minecraft:carrots":12,"minecraft:snow":1,"minecraft:potatoes":8,"minecraft:lantern":2,"minecraft:stone":29,"minecraft:iron_block":2,"minecraft:smoker":3,"iceandfire:dragon_ice_spikes":1,"minecraft:crafting_table":7,"minecraft:mangrove_wood":1,"botania:yellow_double_flower":1,"iceandfire:pixie_house_mushroom_brown":1,"minecraft:white_stained_glass_pane":2,"iceandfire:frozen_dirt":1,"minecraft:tall_grass":17,"minecraft:cobblestone":1,"minecraft:dark_oak_slab":1,"iceandfire:crackled_stone":1,"minecraft:wheat":24,"born_in_chaos_v1:river_mint":1,"minecraft:yellow_bed":2,"minecraft:grass":20,"minecraft:coal_ore":8,"minecraft:oak_log":50,"minecraft:beetroots":3,"minecraft:gravel":1,"antlers:bloody_cow":1,"minecraft:oak_leaves":2,"minecraft:fern":1},"minecraft:picked_up":{"iceandfire:dragon_skull_lightning":1,"minecraft:crafting_table":6,"minecraft:wheat":26,"born_in_chaos_v1:river_mint":1,"croptopia:peach":18,"minecraft:leather_leggings":1,"iceandfire:frozen_grass":1,"minecraft:string":2,"artifacts:feral_claws":1,"minecraft:gold_nugget":4,"minecraft:spruce_planks":1,"minecraft:iron_pickaxe":1,"iceandfire:ice_dragon_heart":1,"minecraft:iron_boots":1,"iceandfire:dragonscales_green":18,"minecraft:stick":12,"iceandfire:dragonbone":23,"croptopia:corn_seed":2,"born_in_chaos_v1:shattered_skull":3,"minecraft:porkchop":2,"iceandfire:lightning_dragon_flesh":6,"born_in_chaos_v1:pieceofdarkmetal":1,"minecraft:carrot":12,"iceandfire:dragon_skull_ice":1,"minecraft:arrow":11,"minecraft:rotten_flesh":8,"minecraft:beetroot_seeds":2,"relics:horse_flute":2,"minecraft:hay_block":55,"iceandfire:fire_dragon_heart":1,"pvz_zengarden:zengarden_guide":1,"minecraft:iron_block":1,"minecraft:snowball":2,"minecraft:cobblestone":29,"relics:roller_skates":1,"minecraft:smoker":3,"minecraft:potato":6,"alexsmobs:bear_fur":1,"minecraft:oak_log":42,"minecraft:yellow_bed":2,"minecraft:lantern":3,"minecraft:dirt":3,"antlers:tomahawkitem":7,"minecraft:bone":17,"minecraft:apple":25,"minecraft:wheat_seeds":84,"minecraft:cobbled_deepslate_slab":1,"iceandfire:fire_dragon_flesh":6,"minecraft:iron_sword":1,"minecraft:dark_oak_slab":2,"minecraft:cooked_porkchop":30,"mca:comb":1,"botania:yellow_double_flower":1,"iceandfire:dragonscales_sapphire":23,"minecraft:dandelion":1,"minecraft:gravel":1,"mca:needle_and_thread":1,"iceandfire:dragon_skull_fire":1,"croptopia:oat":1,"minecraft:mud_brick_wall":2,"iceandfire:lightning_dragon_heart":1,"iceandfire:frozen_dirt":1,"minecraft:spider_eye":1,"iceandfire:dragonscales_copper":14,"croptopia:oat_seed":1,"minecraft:mangrove_wood":1,"iceandfire:crackled_stone":1,"minecraft:iron_helmet":1,"minecraft:oak_sapling":18,"minecraft:coal":8,"iceandfire:raw_silver":1},"minecraft:custom":{"minecraft:mob_kills":34,"minecraft:animals_bred":2,"minecraft:interact_with_crafting_table":16,"minecraft:open_barrel":39,"minecraft:damage_dealt_resisted":1337,"minecraft:leave_game":1,"minecraft:time_since_death":43534,"minecraft:climb_one_cm":2007,"minecraft:sprint_one_cm":270259,"minecraft:walk_one_cm":260935,"minecraft:drop":58,"minecraft:play_time":95596,"minecraft:deaths":2,"minecraft:sneak_time":1751,"minecraft:walk_under_water_one_cm":7853,"minecraft:jump":1477,"minecraft:walk_on_water_one_cm":10185,"minecraft:total_world_time":95596,"minecraft:sleep_in_bed":2,"minecraft:time_since_rest":43564,"minecraft:damage_taken":2543,"minecraft:damage_dealt":5367,"minecraft:fly_one_cm":314119,"minecraft:swim_one_cm":52538,"minecraft:player_kills":1,"minecraft:open_chest":84,"minecraft:crouch_one_cm":7096,"minecraft:fall_one_cm":53121},"minecraft:dropped":{"minecraft:stone_hoe":1,"iceandfire:dragonscales_sapphire":23,"born_in_chaos_v1:shattered_skull":2,"minecraft:wheat_seeds":18,"minecraft:oak_log":9,"iceandfire:frozen_dirt":1,"iceandfire:armor_copper_metal_chestplate":1,"minecraft:iron_helmet":1,"minecraft:lantern":1,"minecraft:apple":5,"relics:horse_flute":2,"minecraft:stick":6,"minecraft:dirt":3,"mca:book_romance":1,"pvz_zengarden:zengarden_guide":1,"born_in_chaos_v1:river_mint":1,"iceandfire:armor_copper_chestplate":1,"mca:comb":1,"minecraft:wooden_axe":1,"minecraft:snowball":1,"minecraft:iron_leggings":1,"minecraft:gold_nugget":4,"minecraft:string":2,"minecraft:dandelion":1,"minecraft:bone":3,"croptopia:oat":1,"minecraft:stone_axe":1,"minecraft:stone_sword":1,"minecraft:rotten_flesh":8,"minecraft:iron_boots":1,"croptopia:corn_seed":1,"iceandfire:frozen_grass":1,"patchouli:guide_book":1,"minecraft:iron_chestplate":1,"minecraft:beetroot_seeds":2,"minecraft:oak_sapling":4,"mca:needle_and_thread":1,"minecraft:leather_leggings":1,"minecraft:spider_eye":1,"minecraft:arrow":1,"minecraft:stone_pickaxe":1,"minecraft:wooden_pickaxe":1},"minecraft:used":{"minecraft:stone_sword":2,"minecraft:chest":4,"minecraft:iron_sword":174,"minecraft:stone_hoe":17,"minecraft:snowball":1,"minecraft:wooden_axe":4,"minecraft:lantern":2,"minecraft:iron_axe":6,"minecraft:iron_helmet":1,"croptopia:peach":1,"minecraft:stone_pickaxe":30,"minecraft:oak_planks":62,"minecraft:wooden_pickaxe":15,"travelersbackpack:iron_golem":1,"iceandfire:dragon_skull_lightning":1,"minecraft:crafting_table":7,"minecraft:diamond_pickaxe":13,"minecraft:apple":22,"minecraft:bread":18,"minecraft:iron_pickaxe":2,"minecraft:stone_axe":7,"minecraft:cobblestone":9,"minecraft:cooked_porkchop":10,"minecraft:yellow_bed":2},"minecraft:killed":{"minecraft:vex":2,"minecraft:cave_spider":2,"lcm:bunker_spider":1,"minecraft:spider":1,"born_in_chaos_v1:skeleton_thrasher_not_despawn":1,"born_in_chaos_v1:baby_skeleton_minion":2,"minecraft:skeleton":9,"iceandfire:fire_dragon":1,"arphex:hornet_harbinger":1,"minecraft:pig":1,"alexsmobs:grizzly_bear":2,"majruszsdifficulty:cursed_armor":1,"minecraft:zombie":3,"minecraft:stray":1,"iceandfire:ice_dragon":1,"iceandfire:pixie":1,"iceandfire:lightning_dragon":1,"arphex:spider_larvae":1}},"DataVersion":3465}