{"stats":{"minecraft:custom":{"minecraft:interact_with_crafting_table":202,"minecraft:open_barrel":34,"minecraft:bell_ring":1,"minecraft:eat_cake_slice":2,"minecraft:leave_game":49,"minecraft:time_since_death":165337,"minecraft:damage_blocked_by_shield":110,"minecraft:play_time":4007214,"minecraft:deaths":18,"minecraft:jump":44653,"minecraft:enchant_item":23,"minecraft:interact_with_furnace":281,"minecraft:sleep_in_bed":34,"minecraft:damage_dealt":125768,"minecraft:interact_with_smoker":112,"minecraft:inspect_dispenser":10,"minecraft:interact_with_smithing_table":12,"minecraft:interact_with_anvil":98,"minecraft:sneak_time":85851,"minecraft:interact_with_blast_furnace":29,"minecraft:total_world_time":4007214,"minecraft:interact_with_stonecutter":17,"minecraft:time_since_rest":97022,"minecraft:swim_one_cm":157448,"minecraft:fly_one_cm":22378704,"minecraft:open_chest":1347,"minecraft:fall_one_cm":1070776,"minecraft:damage_resisted":1376,"minecraft:sprint_one_cm":5799820,"minecraft:drop":1096,"minecraft:talked_to_villager":11,"minecraft:walk_on_water_one_cm":186655,"minecraft:player_kills":9,"minecraft:crouch_one_cm":178096,"minecraft:mob_kills":3106,"minecraft:damage_dealt_resisted":14608,"minecraft:climb_one_cm":114289,"minecraft:walk_one_cm":13524087,"minecraft:walk_under_water_one_cm":600370,"minecraft:boat_one_cm":84180,"minecraft:pot_flower":3,"minecraft:interact_with_grindstone":2,"minecraft:damage_taken":25991,"minecraft:trigger_trapped_chest":1,"minecraft:minecart_one_cm":90035,"minecraft:aviate_one_cm":867489},"minecraft:broken":{"minecraft:wooden_sword":1,"minecraft:flint_and_steel":1},"minecraft:killed":{"twilightforest:hostile_wolf":1,"born_in_chaos_v1:restless_spirit":1,"minecraft:dolphin":1,"born_in_chaos_v1:siamese_skeletonsright":1,"minecraft:zombie_horse":3,"creeperoverhaul:dripstone_creeper":4,"minecraft:skeleton":376,"friendsandfoes:glare":8,"minecraft:fox":1,"minecraft:chicken":45,"iceandfire:dread_scuttler":2,"antlers:wendigo":1,"aether:moa":1,"lcm:hygrodere":1,"minecraft:cat":3,"minecraft:pillager":44,"minecraft:donkey":6,"minecraft:zombie":766,"born_in_chaos_v1:corpse_fly":2,"mca:male_villager":2,"iceandfire:dread_ghoul":8,"born_in_chaos_v1:door_knight":1,"minecraft:cow":66,"mca:female_zombie_villager":9,"mca:male_zombie_villager":11,"minecraft:vindicator":14,"iceandfire:dread_beast":5,"born_in_chaos_v1:skeleton_thrasher_not_despawn":1,"minecraft:horse":1,"iceandfire:dread_knight":8,"arphex:hornet_harbinger":1,"friendsandfoes:copper_golem":4,"minecraft:husk":20,"lcm:thumper":1,"twilightforest:kobold":1,"minecraft:frog":4,"minecraft:wandering_trader":2,"born_in_chaos_v1:decrepit_skeleton":3,"born_in_chaos_v1:infernal_spirit":1,"iceandfire:ice_dragon":3,"mca:female_villager":218,"lcm:eyeless_dog":1,"minecraft:enderman":4,"born_in_chaos_v1:zombie_clown":1,"minecraft:zombified_piglin":3,"minecraft:witch":9,"minecraft:spider":28,"creeperoverhaul:bamboo_creeper":1,"minecraft:bee":2,"minecraft:axolotl":1,"aquaculture:perch":3,"minecraft:illusioner":2,"minecraft:turtle":2,"minecraft:piglin_brute":8,"artifacts:mimic":6,"minecraft:wolf":4,"minecraft:piglin":13,"born_in_chaos_v1:bonescaller":1,"minecraft:pig":51,"minecraft:strider":1,"minecraft:creeper":567,"minecraft:sheep":106,"minecraft:trader_llama":4,"born_in_chaos_v1:dread_hound":1,"minecraft:ghast":4,"minecraft:stray":4,"alexsmobs:fly":1,"apollyon:the_damned":7,"mowziesmobs:umvuthana_raptor":1,"minecraft:blaze":9,"minecraft:vex":1,"alexsmobs:tasmanian_devil":2,"minecraft:slime":3,"born_in_chaos_v1:zombie_bruiser":1,"born_in_chaos_v1:maggot":1,"minecraft:phantom":22,"iceandfire:dread_thrall":5,"twilightforest:swarm_spider":1,"twilightforest:hedge_spider":1,"minecraft:llama":2,"minecraft:drowned":7,"born_in_chaos_v1:siamese_skeletons":1,"creeperoverhaul:spruce_creeper":4,"minecraft:bat":3,"minecraft:hoglin":1,"minecraft:squid":3,"creeperoverhaul:ocean_creeper":1,"friendsandfoes:moobloom":3,"born_in_chaos_v1:nightmare_stalker":1,"minecraft:wither_skeleton":3,"minecraft:player":5,"minecraft:villager":1},"minecraft:picked_up":{"minecraft:seagrass":2,"minecraft:iron_chestplate":4,"torchmaster:feral_flare_lantern":2,"minecraft:flower_pot":2,"minecraft:anvil":1,"minecraft:lead":5,"create:metal_bracket":4,"minecraft:smithing_table":1,"minecraft:stone_slab":20,"minecraft:oak_stairs":2,"artifacts:chorus_totem":1,"minecraft:wither_rose":6,"minecraft:enchanted_book":4,"croptopia:calamari":7,"minecraft:brewing_stand":1,"minecraft:polished_blackstone_brick_stairs":1,"minecraft:string":33,"simplyswords:diamond_scythe":3,"mca:blueprint":1,"minecraft:beetroot":3,"another_furniture:white_tall_stool":2,"create:small_deepslate_brick_slab":7,"chipped:tinkering_table":1,"minecraft:diamond_leggings":3,"minecraft:gold_nugget":40,"minecraft:cobbled_deepslate":46,"minecraft:spruce_planks":60,"minecraft:written_book":1,"minecraft:warped_slab":6,"minecraft:netherite_upgrade_smithing_template":5,"hangglider:hang_glider":1,"artifacts:universal_attractor":1,"reliquary:bullets/neutral_bullet":64,"minecraft:crimson_pressure_plate":2,"minecraft:big_dripleaf":4,"chipped:crimson_roots_floret":1,"minecraft:warped_planks":10,"minecraft:green_terracotta":52,"create:wand_of_symmetry":2,"simplyswords:soulstealer":1,"minecraft:tropical_fish":7,"create:track":2,"minecraft:iron_block":7,"mcwdoors:mangrove_japanese2_door":1,"minecraft:bookshelf":2,"minecraft:white_terracotta":4,"minecraft:netherite_chestplate":1,"chipped:tiny_cobblestone_bricks":147,"minecraft:blaze_rod":3,"minecraft:snowball":156,"chipped:carved_lodestone":1,"minecraft:birch_log":976,"minecraft:magma_block":9,"minecraft:feather":49,"minecraft:cooked_beef":84,"morebows:ender_bow":1,"minecraft:water_bucket":2,"minecraft:brown_wool":3,"minecraft:smoker":2,"minecraft:flint":590,"chipped:pillar_cobblestone_bricks":18,"minecraft:lantern":3,"artifacts:shock_pendant":1,"deeperdarker:reinforced_echo_shard":4,"minecraft:stonecutter":1,"another_furniture:white_lamp":3,"minecraft:diamond_helmet":3,"minecraft:rabbit":1,"minecraft:glowstone_dust":472,"croptopia:roe":2,"minecraft:moss_block":1,"minecraft:honeycomb":1,"another_furniture:spruce_table":9,"minecraft:chiseled_polished_blackstone":2,"cataclysm:stone_tile_wall":181,"arphex:silk_slinger":1,"iceandfire:dragonscales_sapphire":28,"minecraft:lime_terracotta":75,"simplyswords:mjolnir":2,"minecraft:ink_sac":11,"minecraft:loom":2,"minecraft:dark_oak_log":21,"minecraft:barrel":2,"minecraft:quartz_bricks":1,"artifacts:crystal_heart":2,"minecraft:lever":2,"minecraft:bread":27,"minecraft:diamond_pickaxe":4,"minecraft:coarse_dirt":35,"minecraft:crafting_table":12,"minecraft:purple_wool":4,"minecraft:clay_ball":1049,"born_in_chaos_v1:seedof_chaos":1,"minecraft:cornflower":2,"minecraft:red_bed":1,"minecraft:elytra":1,"artifacts:power_glove":1,"minecraft:flint_and_steel":1,"minecraft:netherite_scrap":2,"minecraft:netherite_sword":1,"minecraft:beef":38,"iceandfire:dread_shard":9,"minecraft:poppy":2,"minecraft:spruce_slab":25,"minecraft:minecart":2,"minecraft:chest":7,"minecraft:birch_sapling":400,"minecraft:egg":7,"chipped:mason_table":4,"minecraft:sandstone":17,"minecraft:stone":3,"minecraft:glow_item_frame":18,"another_furniture:red_curtain":2,"minecraft:spruce_fence":8,"pvz_zengarden:small_sun":9,"born_in_chaos_v1:pieceofdarkmetal":2,"minecraft:carrot":4,"minecraft:redstone":333,"minecraft:netherite_pickaxe":4,"iceandfire:dragon_skull_ice":1,"minecraft:diamond_chestplate":3,"minecraft:beetroot_seeds":9,"iceandfire:dragonscales_silver":15,"croptopia:cheeseburger":3,"minecraft:shears":1,"minecraft:diamond_boots":3,"minecraft:hay_block":1,"pvz_zengarden:zengarden_guide":1,"minecraft:yellow_terracotta":51,"minecraft:totem_of_undying":6,"minecraft:polished_blackstone":4,"minecraft:glow_berries":3,"minecraft:mutton":72,"minecraft:rail":17,"minecraft:white_wool":95,"minecraft:bone_block":13,"born_in_chaos_v1:monster_flesh":1,"minecraft:tripwire_hook":2,"croptopia:glowing_calamari":12,"minecraft:red_mushroom":14,"reliquary:magazines/exorcism_magazine":60,"chipped:pillar_dirt_bricks":2,"minecraft:oak_log":813,"minecraft:golden_boots":1,"mutantmonsters:mutant_skeleton_limb":3,"deeperdarker:warden_upgrade_smithing_template":4,"minecraft:apple":63,"minecraft:stone_bricks":6,"minecraft:kelp":190,"minecraft:creeper_spawn_egg":1,"alexsmobs:cockroach_wing_fragment":1,"another_furniture:white_sofa":2,"minecraft:tall_grass":2,"minecraft:glass_bottle":1,"minecraft:iron_sword":2,"minecraft:dark_oak_stairs":5,"minecraft:sweet_berries":131,"minecraft:red_wool":6,"born_in_chaos_v1:ethereal_spirit":2,"minecraft:gravel":534,"minecraft:crimson_stairs":1,"minecraft:spruce_sapling":2590,"minecraft:spruce_log":5708,"travelersbackpack:standard":9,"minecraft:oak_wood":6,"minecraft:firework_rocket":64,"minecraft:diamond_shovel":1,"hole_filler_mod:throwable_hole_filler":36,"minecraft:diamond_axe":4,"minecraft:painting":7,"minecraft:birch_sign":1,"minecraft:gray_wool":6,"iceandfire:ice_dragon_flesh":12,"minecraft:baked_potato":199,"minecraft:ender_pearl":4,"minecraft:wheat":28,"minecraft:redstone_block":10,"minecraft:warped_stairs":1,"create:wooden_bracket":2,"minecraft:raw_copper":882,"celestisynth:rainfall_serenity":1,"minecraft:smooth_stone_slab":767,"minecraft:iron_leggings":2,"minecraft:red_candle":4,"minecraft:oak_sign":1,"minecraft:activator_rail":3,"minecraft:bucket":5,"minecraft:redstone_torch":6,"minecraft:cobblestone_slab":24,"minecraft:calcite":22,"minecraft:wooden_shovel":2,"minecraft:smooth_quartz":8506,"born_in_chaos_v1:stimulating_decoction":1,"minecraft:smooth_quartz_stairs":69,"minecraft:iron_boots":2,"minecraft:tipped_arrow":1,"minecraft:stick":2245,"minecraft:torch":385,"iceandfire:dragonscales_white":26,"minecraft:spruce_stairs":8,"minecraft:porkchop":55,"minecraft:diorite":957,"minecraft:dirt_path":1,"minecraft:sniffer_egg":1,"minecraft:quartz_block":1,"minecraft:rotten_flesh":255,"reliquary:mob_charm_fragment":1,"minecraft:obsidian":14,"minecraft:cod":4,"morebows:diamond_bow":2,"minecraft:cobblestone":28277,"minecraft:nautilus_shell":1,"minecraft:pink_petals":3,"minecraft:jungle_pressure_plate":2,"minecraft:magma_cream":1,"minecraft:repeater":2,"minecraft:cherry_planks":9,"minecraft:andesite":18378,"minecraft:black_bed":1,"minecraft:potato":2781,"artifacts:pickaxe_heater":1,"minecraft:lapis_lazuli":113,"minecraft:dirt":1900,"antlers:tomahawkitem":1,"minecraft:name_tag":2,"hammered:diamond_hammer":3,"minecraft:glass":161,"minecraft:bone":172,"minecraft:bow":15,"minecraft:orange_tulip":1,"minecraft:wheat_seeds":208,"minecraft:raw_gold":37,"minecraft:grindstone":1,"minecraft:mossy_stone_bricks":1,"minecraft:bamboo":1,"minecraft:oak_planks":2,"minecraft:ghast_tear":2,"minecraft:cooked_porkchop":38,"minecraft:music_disc_13":2,"minecraft:oak_pressure_plate":2,"minecraft:poisonous_potato":19,"torchmaster:megatorch":2,"minecraft:jungle_planks":3,"minecraft:sand":297,"minecraft:grass_block":23,"minecraft:diamond_block":2,"chipped:smiling_jack_o_lantern":1,"chipped:carpenters_table":1,"minecraft:clay":1,"minecraft:diamond":47,"artifacts:golden_hook":3,"minecraft:soul_lantern":1,"minecraft:polished_blackstone_button":2,"minecraft:cracked_polished_blackstone_bricks":2,"minecraft:crossbow":3,"minecraft:grass":1,"minecraft:golden_apple":2,"minecraft:spruce_sign":7,"minecraft:emerald":30,"minecraft:oak_sapling":679,"minecraft:netherrack":1215,"minecraft:oak_leaves":12,"minecraft:andesite_slab":7,"minecraft:charcoal":2,"minecraft:splash_potion":1,"minecraft:chicken":22,"minecraft:ladder":4,"croptopia:peach":1,"minecraft:brown_mushroom":26,"minecraft:stone_brick_wall":1,"minecraft:gold_block":5,"minecraft:chain":1,"minecraft:shield":2,"minecraft:oak_trapdoor":63,"minecraft:stone_stairs":2,"minecraft:moss_carpet":7,"minecraft:wooden_sword":3,"minecraft:item_frame":5,"artifacts:fire_gauntlet":1,"minecraft:blackstone":33,"minecraft:blue_orchid":1,"immersive_melodies:trumpet":1,"minecraft:player_head":50,"minecraft:light_gray_wool":5,"minecraft:lectern":1,"minecraft:sugar_cane":9,"minecraft:spruce_trapdoor":14,"minecraft:phantom_membrane":9,"iceandfire:ice_dragon_heart":3,"minecraft:stripped_crimson_hyphae":1,"minecraft:raw_iron":184,"iceandfire:dragonbone":19,"minecraft:copper_ingot":7,"another_furniture:spruce_shutter":12,"minecraft:note_block":3,"aquaculture:perch":3,"minecraft:polished_blackstone_bricks":2,"minecraft:arrow":64,"minecraft:weeping_vines":2,"artifacts:cowboy_hat":1,"reliquary:handgun":1,"minecraft:nether_bricks":11,"minecraft:pink_tulip":2,"minecraft:saddle":1,"born_in_chaos_v1:fused_bone":1,"mowziesmobs:umvuthana_mask_fury":1,"born_in_chaos_v1:corpse_maggot":7,"minecraft:basalt":8,"artifacts:digging_claws":9,"artifacts:eternal_steak":1,"minecraft:crimson_stem":1,"minecraft:glow_ink_sac":22,"minecraft:salmon":3,"minecraft:leather":75,"artifacts:anglers_hat":1,"iceandfire:dread_stone_bricks_cracked":4,"artifacts:cloud_in_a_bottle":1,"minecraft:gunpowder":52,"minecraft:cobblestone_wall":53,"minecraft:cobblestone_stairs":96,"mca:book_romance":1,"minecraft:cooked_mutton":87,"minecraft:rabbit_hide":1,"minecraft:iron_ingot":6,"minecraft:cooked_chicken":19,"minecraft:acacia_sapling":1,"minecraft:soul_sand":10,"minecraft:scaffolding":2254,"minecraft:emerald_block":4,"simplyswords:netherite_claymore":5,"minecraft:quartz":105,"minecraft:dandelion":1,"chipped:smooth_cobblestone_column":2,"minecraft:mud_brick_wall":1,"minecraft:white_bed":2,"artifacts:scarf_of_invisibility":1,"hole_filler_mod:throwable_hole_filler_balanced_slice":1,"minecraft:spider_eye":4,"simplyswords:diamond_greathammer":1,"pvz_zengarden:big_sun":6,"chipped:vertical_disordered_dirt_bricks":1,"minecraft:campfire":1,"minecraft:chainmail_leggings":1,"minecraft:iron_helmet":2,"minecraft:red_concrete":3,"minecraft:black_wool":9,"minecraft:magenta_concrete":1,"minecraft:coal":1091},"minecraft:killed_by":{"minecraft:player":11},"minecraft:dropped":{"minecraft:clay":1,"minecraft:iron_sword":1,"minecraft:porkchop":1,"minecraft:glow_ink_sac":2,"minecraft:oak_pressure_plate":2,"pvz_zengarden:small_sun":9,"minecraft:glass_bottle":4,"minecraft:diamond":14,"minecraft:crafting_table":1,"minecraft:orange_tulip":1,"minecraft:crossbow":1,"minecraft:weeping_vines":1,"born_in_chaos_v1:pieceofdarkmetal":2,"minecraft:red_mushroom":14,"minecraft:item_frame":2,"minecraft:emerald":2,"minecraft:dirt":316,"minecraft:red_bed":1,"minecraft:grass":1,"mca:comb":1,"minecraft:cherry_leaves":1,"minecraft:gold_nugget":37,"minecraft:bubble_coral_block":10,"minecraft:wooden_sword":3,"minecraft:bone_block":13,"chipped:pillar_cobblestone_bricks":5,"minecraft:phantom_membrane":9,"minecraft:sand":195,"minecraft:white_wool":15,"another_furniture:spruce_shutter":7,"minecraft:bone":708,"another_furniture:crimson_shutter":1,"minecraft:sugar_cane":2,"minecraft:diamond_block":2,"minecraft:lever":3,"artifacts:power_glove":1,"minecraft:cooked_chicken":4,"minecraft:cobbled_deepslate":41,"minecraft:nether_brick":15,"reliquary:bullets/empty_bullet":5,"minecraft:wheat":2,"minecraft:netherite_sword":1,"minecraft:birch_sapling":73,"minecraft:obsidian":12,"minecraft:rotten_flesh":149,"minecraft:oak_planks":2,"minecraft:glowstone_dust":138,"minecraft:jungle_trapdoor":2,"minecraft:white_bed":2,"minecraft:red_candle":4,"hole_filler_mod:throwable_hole_filler":35,"simplyswords:netherite_claymore":6,"minecraft:quartz_block":24,"minecraft:acacia_sapling":1,"create:wand_of_symmetry":1,"pvz_zengarden:big_sun":6,"simplyswords:mjolnir":2,"minecraft:spruce_slab":24,"minecraft:glass":165,"minecraft:campfire":2,"minecraft:ghast_tear":2,"minecraft:enchanted_book":1,"minecraft:iron_ingot":32,"minecraft:crimson_planks":4,"minecraft:golden_boots":3,"minecraft:netherite_pickaxe":4,"morebows:diamond_bow":3,"minecraft:wheat_seeds":177,"minecraft:tnt":6,"celestisynth:rainfall_serenity":1,"minecraft:horn_coral_block":10,"minecraft:creeper_spawn_egg":1,"minecraft:feather":18,"minecraft:netherite_chestplate":1,"minecraft:yellow_terracotta":32,"minecraft:cobblestone":4720,"minecraft:iron_helmet":1,"minecraft:apple":6,"minecraft:spruce_door":1,"minecraft:polished_blackstone_button":2,"minecraft:coal":675,"minecraft:crimson_stairs":1,"minecraft:gray_wool":2,"minecraft:iron_trapdoor":1,"minecraft:potion":1,"minecraft:oak_stairs":2,"create:metal_bracket":2,"minecraft:string":25,"minecraft:spruce_sapling":342,"minecraft:pink_tulip":1,"minecraft:moss_carpet":5,"minecraft:zombie_spawn_egg":2,"minecraft:green_terracotta":52,"minecraft:cobblestone_wall":7,"minecraft:smooth_stone_slab":59,"chipped:carved_lodestone":1,"minecraft:chicken":3,"iceandfire:troll_tusk":1,"minecraft:stone_slab":8,"minecraft:clay_ball":84,"minecraft:iron_boots":1,"artifacts:golden_hook":1,"minecraft:magenta_concrete":1,"minecraft:white_terracotta":2,"minecraft:oak_sign":2,"minecraft:spruce_fence":25,"minecraft:big_dripleaf":4,"minecraft:cobblestone_slab":1168,"minecraft:hay_block":1,"minecraft:stone":5,"minecraft:brain_coral_block":10,"minecraft:flower_pot":2,"alexsmobs:cockroach_wing_fragment":1,"minecraft:spruce_trapdoor":4,"minecraft:spruce_planks":12,"mutantmonsters:mutant_skeleton_limb":3,"minecraft:diamond_pickaxe":4,"minecraft:fire_coral_block":10,"artifacts:eternal_steak":1,"minecraft:stone_bricks":5,"minecraft:barrel":2,"minecraft:redstone_torch":1,"minecraft:spider_eye":4,"create:brass_casing":1,"minecraft:sandstone":17,"minecraft:bow":12,"minecraft:magma_block":9,"hole_filler_mod:throwable_hole_filler_balanced_slice":1,"create:tiled_glass":1,"minecraft:black_wool":4,"minecraft:spruce_sign":3,"create:super_glue":1,"minecraft:soul_sand":7,"minecraft:moss_block":1,"minecraft:brown_mushroom":26,"minecraft:diamond_axe":4,"minecraft:oak_log":21,"minecraft:baked_potato":622,"minecraft:tube_coral_block":10,"minecraft:netherite_upgrade_smithing_template":1,"minecraft:lime_terracotta":67,"create:track":1,"minecraft:leather":15,"minecraft:honeycomb":1,"iceandfire:dread_stone_bricks_cracked":4,"reliquary:magazines/exorcism_magazine":61,"minecraft:cod":4,"minecraft:cobblestone_stairs":2,"minecraft:flint":267,"morebows:ender_bow":1,"minecraft:netherite_scrap":2,"minecraft:cherry_trapdoor":2,"minecraft:cornflower":2,"born_in_chaos_v1:darkwarblade":1,"minecraft:mutton":2,"minecraft:seagrass":2,"minecraft:snowball":38,"chipped:tiny_cobblestone_bricks":35,"another_furniture:white_lamp":3,"minecraft:polished_blackstone_bricks":2,"croptopia:calamari":1,"minecraft:birch_log":87,"another_furniture:spruce_table":2,"minecraft:armor_stand":1,"minecraft:gravel":128,"minecraft:chiseled_polished_blackstone":2,"minecraft:blackstone":30,"aquaculture:perch":3,"minecraft:andesite_slab":6,"born_in_chaos_v1:ethereal_spirit":2,"another_furniture:white_tall_stool":2,"minecraft:beetroot":1,"another_furniture:white_sofa":3,"hammered:diamond_hammer":5,"minecraft:stone_stairs":2,"minecraft:carrot":4,"reliquary:handgun":1,"minecraft:poppy":2,"minecraft:rabbit_hide":1,"minecraft:gunpowder":29,"simplyswords:soulstealer":1,"minecraft:oak_wood":6,"born_in_chaos_v1:corpse_maggot":7,"minecraft:beetroot_seeds":3,"minecraft:glowstone":2,"minecraft:chest":2,"simplyswords:diamond_greathammer":2,"minecraft:basalt":8,"minecraft:arrow":23,"minecraft:quartz":9,"minecraft:scaffolding":1,"minecraft:netherrack":954,"minecraft:written_book":1,"minecraft:water_bucket":1,"minecraft:stone_hoe":1,"minecraft:crimson_pressure_plate":2,"reliquary:mob_charm_fragment":1,"minecraft:sniffer_egg":1,"minecraft:minecart":2,"minecraft:poisonous_potato":12,"minecraft:lead":1,"chipped:smooth_cobblestone_column":12,"minecraft:copper_ingot":3,"minecraft:spruce_stairs":3,"minecraft:tropical_fish":1,"minecraft:grass_block":8,"minecraft:stick":192,"chipped:smiling_jack_o_lantern":1,"minecraft:calibrated_sculk_sensor":1,"minecraft:mud_brick_wall":1,"minecraft:diorite":117,"minecraft:torch":13,"minecraft:repeater":1,"minecraft:smooth_quartz":3251,"minecraft:brown_wool":1,"born_in_chaos_v1:fused_bone":1,"minecraft:iron_leggings":1,"minecraft:wither_rose":5,"minecraft:zombie_horse_spawn_egg":1,"artifacts:crystal_heart":1,"minecraft:tripwire_hook":2,"minecraft:pink_petals":1,"minecraft:bucket":13,"minecraft:redstone_block":8,"minecraft:redstone":210,"croptopia:glowing_calamari":1,"iceandfire:dragonbone":6,"minecraft:anvil":1,"minecraft:red_concrete":3,"minecraft:kelp":219,"minecraft:jungle_pressure_plate":2,"minecraft:sweet_berries":113,"minecraft:oak_trapdoor":64,"minecraft:coarse_dirt":16,"minecraft:raw_copper":155,"reliquary:bullets/neutral_bullet":64,"minecraft:raw_iron":73,"minecraft:tall_grass":2,"minecraft:light_gray_wool":5,"minecraft:dirt_path":3,"mca:female_villager_spawn_egg":1,"minecraft:flint_and_steel":3,"minecraft:shield":1,"minecraft:iron_chestplate":1,"minecraft:andesite":3782,"minecraft:mossy_stone_bricks":1,"minecraft:oak_sapling":81,"mca:needle_and_thread":3,"minecraft:spruce_log":22,"minecraft:stripped_crimson_hyphae":1,"croptopia:peach":1,"minecraft:calcite":7,"cataclysm:stone_tile_wall":1,"minecraft:nautilus_shell":1,"minecraft:magma_cream":1,"chipped:pillar_dirt_bricks":1},"minecraft:used":{"minecraft:moss_block":542,"create:brass_casing":329,"celestisynth:poltergeist":4,"minecraft:smooth_quartz_slab":15,"minecraft:dispenser":1,"minecraft:spruce_slab":360,"minecraft:ladder":16,"minecraft:chest":64,"another_furniture:dark_oak_table":2,"minecraft:stone":357,"create:tiled_glass":1,"minecraft:red_nether_brick_stairs":252,"minecraft:farmland":1,"chipped:pillar_cobblestone_bricks":42,"minecraft:soul_sand":18,"chipped:enclosed_dark_oak_planks":8,"minecraft:snowball":99,"minecraft:lava_bucket":15,"another_furniture:crimson_shutter":15,"chipped:carved_lodestone":3,"minecraft:honey_block":10,"another_furniture:crimson_table":3,"minecraft:quartz_pillar":235,"minecraft:villager_spawn_egg":1,"minecraft:grass_block":1227,"minecraft:quartz_block":1,"minecraft:wet_sponge":2,"chipped:offset_basalt_bricks":285,"minecraft:dark_oak_slab":8,"minecraft:cherry_leaves":36,"minecraft:stone_brick_stairs":201,"aether:moa_spawn_egg":1,"create:small_andesite_brick_wall":157,"create:shaft":56,"minecraft:sweet_berries":7,"minecraft:oak_sapling":2,"minecraft:furnace":18,"simplyswords:ribboncleaver":2,"create:sequenced_gearshift":13,"minecraft:potato":1199,"minecraft:diorite":58,"minecraft:cow_spawn_egg":7,"minecraft:damaged_anvil":1,"minecraft:spruce_door":17,"create:small_andesite_brick_slab":1,"minecraft:blackstone":3,"chipped:vertical_disordered_dirt_bricks":1,"minecraft:jungle_pressure_plate":3,"minecraft:smooth_quartz_stairs":419,"morebows:ender_bow":25,"minecraft:oak_leaves":56,"minecraft:cookie":2,"celestisynth:rainfall_serenity":17,"simplyswords:diamond_greataxe":1,"minecraft:sand":1,"another_furniture:spruce_shutter":106,"mca:female_villager_spawn_egg":424,"minecraft:blast_furnace":6,"simplyswords:watcher_claymore":4,"chipped:detailed_warped_planks":3,"born_in_chaos_v1:monster_flesh":1,"another_furniture:dark_oak_drawer":8,"minecraft:stone_button":3,"minecraft:lectern":1,"minecraft:diamond_ore":2,"simplyswords:emberlash":4,"create:powered_toggle_latch":3,"minecraft:wooden_sword":123,"minecraft:dark_oak_fence":13,"minecraft:smithing_table":3,"minecraft:birch_log":1,"minecraft:oak_boat":1,"chipped:carpenters_table":4,"minecraft:oak_trapdoor":404,"create:framed_glass":57,"minecraft:polished_blackstone_brick_slab":93,"minecraft:iron_bars":15,"simplyswords:stormbringer":1,"born_in_chaos_v1:darkwarblade":36,"minecraft:mangrove_fence":3,"minecraft:structure_block":1,"minecraft:netherrack":110,"minecraft:torch":762,"minecraft:brewing_stand":1,"minecraft:anvil":10,"chipped:pillar_dirt_bricks":1,"simplyswords:soulrender":3,"minecraft:crimson_hyphae":12,"chipped:framed_dark_oak_planks":291,"minecraft:jungle_trapdoor":70,"simplyswords:tainted_relic":1,"minecraft:mossy_cobblestone_stairs":15,"chipped:tiny_cobblestone_bricks":1378,"minecraft:iron_block":118,"create:gearbox":16,"minecraft:cherry_slab":10,"minecraft:spruce_button":1,"chipped:sad_lodestone":3,"chipped:donut_lantern":7,"minecraft:smooth_quartz":9293,"create:creative_motor":9,"simplyswords:stars_edge":12,"mcwdoors:warped_barn_door":1,"minecraft:tripwire_hook":1,"minecraft:glowstone":217,"minecraft:iron_trapdoor":3,"simplyswords:righteous_relic":3,"another_furniture:mangrove_table":18,"chipped:basket_woven_dark_oak_planks":2,"torchmaster:megatorch":5,"minecraft:crimson_pressure_plate":2,"minecraft:observer":10,"minecraft:cobbled_deepslate":4,"minecraft:cherry_log":4,"mca:staff_of_life":2,"create:wand_of_symmetry":28,"minecraft:crimson_stem":25,"minecraft:calcite":65,"mca:male_villager_spawn_egg":7,"minecraft:water_bucket":117,"celestisynth:breezebreaker":9,"minecraft:dirt_path":143,"another_furniture:cyan_sofa":7,"chipped:brick_bond_dark_oak_planks":2,"minecraft:cartography_table":1,"minecraft:cherry_planks":1,"minecraft:fletching_table":4,"minecraft:sheep_spawn_egg":7,"minecraft:spruce_fence_gate":32,"minecraft:polished_blackstone_bricks":2,"minecraft:crafting_table":24,"minecraft:tnt":657,"minecraft:crimson_trapdoor":9,"minecraft:vine":3,"simplyswords:tempest":2,"disenchanting:disenchanter":1,"minecraft:white_bed":12,"minecraft:campfire":97,"create:small_deepslate_brick_slab":400,"minecraft:spruce_log":4093,"minecraft:oak_log":20,"create:track":1,"simplyswords:awakened_lichblade":2,"minecraft:diamond_pickaxe":6125,"minecraft:diamond_shovel":4573,"minecraft:spruce_trapdoor":42,"chipped:clear_leaded_glass":57,"minecraft:spruce_sapling":22,"minecraft:chiseled_stone_bricks":239,"minecraft:cobblestone":3758,"minecraft:potion":23,"travelersbackpack:standard":20,"minecraft:crimson_stairs":18,"simplyswords:netherite_claymore":1229,"minecraft:cooked_porkchop":49,"minecraft:porkchop":1,"create:powered_latch":5,"simplyswords:magiscythe":1,"create:polished_cut_limestone_stairs":4,"another_furniture:birch_table":4,"minecraft:glass_pane":74,"create:redstone_link":40,"minecraft:dandelion":4,"chipped:hewn_dark_oak_planks":5,"minecraft:cherry_sapling":3,"chipped:planked_dark_oak_log":355,"minecraft:diamond_hoe":415,"minecraft:oak_sign":8,"minecraft:shield":5,"minecraft:zombie_spawn_egg":61,"minecraft:player_head":29,"minecraft:sculk_sensor":17,"create:mechanical_bearing":10,"another_furniture:red_curtain":14,"minecraft:mutton":1,"mcwdoors:garage_white_door":9,"minecraft:nether_bricks":2,"deeperdarker:warden_pickaxe":618,"minecraft:milk_bucket":2,"minecraft:obsidian":139,"minecraft:glass":698,"another_furniture:white_sofa":6,"chipped:varnished_barrel":4,"minecraft:lantern":78,"chipped:railed_dark_oak_planks":30,"simplyswords:netherite_greathammer":1,"minecraft:mossy_cobblestone_slab":29,"minecraft:stone_bricks":10,"minecraft:item_frame":5,"minecraft:bedrock":8,"minecraft:spruce_hanging_sign":3,"minecraft:birch_trapdoor":11,"another_furniture:white_tall_stool":3,"minecraft:repeater":27,"minecraft:red_nether_brick_wall":405,"minecraft:hay_block":1,"minecraft:scaffolding":2232,"create:polished_cut_calcite_wall":6,"another_furniture:spruce_chair":5,"chipped:tiny_lodestone_bricks":194,"minecraft:end_rod":9,"minecraft:dark_oak_stairs":37,"chipped:large_diamond_cyan_stained_glass_pane":16,"minecraft:redstone_block":13,"minecraft:diamond_axe":1684,"minecraft:calibrated_sculk_sensor":6,"minecraft:white_wool":2,"simplyswords:molten_edge":2,"minecraft:yellow_terracotta":9,"simplyswords:diamond_claymore":8,"minecraft:sponge":20,"minecraft:black_bed":16,"minecraft:stone_brick_wall":374,"minecraft:redstone_torch":58,"minecraft:sticky_piston":69,"minecraft:lever":5,"minecraft:firework_rocket":30,"minecraft:bread":27,"chipped:vertical_leaded_glass_pane":5,"another_furniture:white_lamp":13,"chipped:bricky_dark_oak_planks":5,"minecraft:gravel":7,"chipped:wickered_dark_oak_planks":12,"simplyswords:whisperwind":2,"simplyswords:shadowsting":6,"minecraft:grindstone":1,"another_furniture:mangrove_chair":9,"minecraft:chain":144,"minecraft:andesite":1022,"minecraft:mossy_cobblestone_wall":30,"minecraft:smooth_stone_slab":1968,"create:vertical_gearbox":18,"minecraft:coarse_dirt":95,"celestisynth:frostbound":1,"chipped:stacked_dark_oak_planks":14,"mcwdoors:oak_barn_door":2,"minecraft:bone_meal":291,"simplyswords:sunfire":2,"chipped:glass_dark_oak_door":11,"minecraft:oak_fence":2,"minecraft:jungle_leaves":4,"minecraft:netherite_sword":3,"chipped:tinkering_table":3,"simplyswords:diamond_glaive":2,"minecraft:flint_and_steel":524,"minecraft:redstone":108,"morebows:diamond_bow":1593,"minecraft:spruce_planks":822,"mcwdoors:jungle_japanese_door":2,"minecraft:stone_hoe":9,"minecraft:cooked_chicken":14,"chipped:framed_spruce_planks":12,"minecraft:dirt":2078,"minecraft:red_nether_brick_slab":103,"minecraft:spruce_stairs":75,"minecraft:cobblestone_wall":7,"minecraft:diamond_helmet":2,"chipped:crated_dark_oak_planks":2,"minecraft:spruce_fence":303,"minecraft:dark_oak_planks":4,"minecraft:stone_brick_slab":68,"simplyswords:enigma":3,"minecraft:bookshelf":57,"another_furniture:spruce_shelf":13,"another_furniture:dark_oak_shutter":4,"minecraft:crimson_slab":4,"minecraft:cherry_trapdoor":7,"minecraft:polished_blackstone_brick_stairs":7,"simplyswords:diamond_greathammer":2,"minecraft:crimson_planks":11,"torchmaster:feral_flare_lantern":83,"chipped:smooth_cobblestone_column":78,"minecraft:golden_carrot":65,"minecraft:emerald_block":13,"minecraft:minecart":1,"minecraft:netherite_pickaxe":4455,"simplyswords:soulstealer":485,"minecraft:stone_pressure_plate":2,"minecraft:cooked_beef":71,"chipped:vertically_railed_dark_oak_planks":24,"hammered:diamond_hammer":4432,"create:gearshift":11,"minecraft:cooked_mutton":76,"minecraft:cobblestone_stairs":708,"simplyswords:diamond_katana":128,"hammered:netherite_hammer":1,"minecraft:baked_potato":117,"minecraft:red_nether_bricks":198,"minecraft:andesite_slab":1,"minecraft:spruce_sign":13,"minecraft:stonecutter":2,"minecraft:cobblestone_slab":543,"creeperoverhaul:bamboo_creeper_spawn_egg":1,"cataclysm:stone_tile_wall":5134,"chipped:crimson_roots_floret":4,"minecraft:glow_item_frame":1,"celestisynth:crescentia":2,"chipped:vertical_spruce_planks":7,"chipped:mason_table":6,"mcwdoors:mangrove_japanese2_door":3,"minecraft:painting":6,"croptopia:cheeseburger":3,"minecraft:smoker":10,"simplyswords:watching_warglaive":3,"minecraft:flower_pot":3,"minecraft:piston":4,"morebows:gold_bow":3,"minecraft:apple":47,"minecraft:command_block":1,"chipped:layed_lodestone_bricks":58,"chipped:angry_red_nether_bricks":1,"minecraft:stone_slab":1,"another_furniture:red_lamp":8,"chipped:glass_birch_door":2,"another_furniture:spruce_drawer":2,"minecraft:pink_petals":85,"another_furniture:magenta_sofa":1,"morebows:flame_bow":23,"minecraft:bucket":55,"minecraft:gray_wool":1,"another_furniture:spruce_table":26,"minecraft:splash_potion":249},"minecraft:mined":{"minecraft:white_bed":2,"minecraft:cherry_log":18,"minecraft:obsidian":12,"minecraft:chiseled_polished_blackstone":2,"minecraft:stone_brick_wall":1,"minecraft:oak_pressure_plate":2,"torchmaster:feral_flare_lantern":2,"minecraft:spawner":16,"minecraft:magma_block":23,"minecraft:barrel":2,"minecraft:fire":9,"minecraft:sculk_shrieker":2,"minecraft:dirt_path":3,"minecraft:light_gray_concrete":1,"minecraft:pink_tulip":1,"iceandfire:dread_stone_bricks_cracked":5,"minecraft:iron_block":6,"minecraft:player_head":43,"another_furniture:spruce_shutter":12,"minecraft:brown_mushroom":2,"minecraft:smoker":2,"minecraft:crimson_nylium":1,"minecraft:soul_fire":7,"minecraft:torch":75,"minecraft:white_stained_glass_pane":1,"chipped:tiny_cobblestone_bricks":149,"minecraft:glass":6,"minecraft:sugar_cane":1,"minecraft:spruce_sign":1,"mca:cross_headstone":8,"minecraft:white_terracotta":6,"another_furniture:red_curtain":2,"minecraft:black_bed":1,"antlers:bloody_pig":1,"minecraft:grass":815,"minecraft:smooth_quartz":6200,"minecraft:stonecutter":1,"minecraft:deepslate":48,"minecraft:yellow_terracotta":79,"minecraft:dark_oak_log":21,"minecraft:cyan_stained_glass":2,"minecraft:nether_bricks":5,"minecraft:spruce_fence":7,"minecraft:moss_block":1,"minecraft:acacia_wood":16,"minecraft:snow":160,"minecraft:andesite":31554,"minecraft:green_terracotta":119,"croptopia:peach_crop":1,"minecraft:potatoes":823,"minecraft:vine":7,"minecraft:cobblestone_slab":21,"minecraft:smooth_quartz_stairs":70,"minecraft:bone_block":13,"minecraft:white_wool":1,"minecraft:glass_pane":2,"minecraft:cherry_planks":10,"minecraft:emerald_ore":2,"another_furniture:spruce_table":9,"minecraft:campfire":2,"chipped:carpenters_table":1,"minecraft:tall_grass":340,"minecraft:copper_ore":320,"minecraft:deepslate_gold_ore":16,"minecraft:green_stained_glass_pane":2,"minecraft:diorite":959,"create:small_deepslate_brick_slab":6,"minecraft:coarse_dirt":24,"minecraft:cobblestone_wall":6,"minecraft:spruce_log":5486,"minecraft:birch_leaves":126,"minecraft:quartz_pillar":2,"minecraft:gravel":1259,"minecraft:sunflower":1,"chipped:clear_leaded_glass_pane":1,"minecraft:polished_blackstone":4,"minecraft:stone_bricks":3,"minecraft:fern":138,"minecraft:spruce_planks":69,"minecraft:farmland":1,"minecraft:sculk_vein":2,"minecraft:cobblestone_stairs":95,"minecraft:brewing_stand":1,"minecraft:spruce_trapdoor":10,"minecraft:grass_block":888,"minecraft:cracked_polished_blackstone_bricks":1,"iceandfire:dread_spawner":4,"minecraft:mud_brick_wall":1,"minecraft:glowstone":160,"minecraft:iron_ore":66,"minecraft:anvil":1,"minecraft:jungle_pressure_plate":2,"minecraft:azalea_leaves":1,"chipped:tinkering_table":1,"minecraft:spruce_slab":19,"another_furniture:white_lamp":3,"minecraft:deepslate_redstone_ore":53,"chipped:vertical_disordered_dirt_bricks":1,"minecraft:quartz_block":1,"minecraft:cyan_terracotta":1,"minecraft:blackstone":131,"another_furniture:white_tall_stool":2,"minecraft:soul_lantern":1,"minecraft:clay":250,"minecraft:calcite":22,"minecraft:poppy":1,"minecraft:chest":6,"minecraft:mushroom_stem":550,"minecraft:nether_quartz_ore":109,"minecraft:cobblestone":1146,"minecraft:grindstone":1,"minecraft:wall_torch":48,"minecraft:stone_stairs":2,"minecraft:red_candle":1,"minecraft:warped_nylium":34,"minecraft:birch_log":996,"minecraft:blue_ice":1,"minecraft:smooth_stone_slab":54,"minecraft:oak_log":793,"another_furniture:white_sofa":2,"minecraft:lime_terracotta":86,"minecraft:sand":353,"minecraft:dirt":1000,"minecraft:netherrack":1845,"minecraft:oak_leaves":578,"minecraft:redstone_lamp":1,"minecraft:nether_gold_ore":4,"minecraft:diamond_ore":2,"minecraft:deepslate_diamond_ore":13,"chipped:mason_table":4,"torchmaster:megatorch":1,"minecraft:gray_stained_glass_pane":2,"minecraft:ladder":4,"cataclysm:stone_tile_wall":133,"minecraft:white_stained_glass":2,"chipped:smooth_cobblestone_column":2,"minecraft:spruce_leaves":729,"minecraft:crimson_stem":2,"minecraft:large_fern":40,"minecraft:hay_block":1,"minecraft:oak_trapdoor":35,"minecraft:spruce_sapling":3,"minecraft:stripped_spruce_log":8,"minecraft:gold_block":1,"minecraft:shroomlight":1,"minecraft:deepslate_iron_ore":23,"minecraft:stone":28716,"minecraft:podzol":5,"minecraft:scaffolding":860,"minecraft:acacia_leaves":3,"minecraft:basalt":9,"create:track":1,"travelersbackpack:standard":9,"minecraft:crafting_table":12,"minecraft:andesite_slab":7,"minecraft:lectern":1,"minecraft:stone_slab":19,"minecraft:quartz_bricks":2,"minecraft:lapis_ore":4,"minecraft:crimson_pressure_plate":2,"minecraft:red_concrete":1,"minecraft:sculk":4,"twilightforest:mayapple":2,"minecraft:spruce_stairs":6,"minecraft:redstone_torch":1,"minecraft:sweet_berry_bush":53,"minecraft:ice":9,"chipped:smiling_jack_o_lantern":1,"minecraft:coal_ore":1025,"minecraft:gray_carpet":1,"chipped:pillar_cobblestone_bricks":18,"minecraft:terracotta":1,"minecraft:mossy_stone_bricks":1,"minecraft:warped_slab":6},"minecraft:crafted":{"deeperdarker:warden_boots":1,"minecraft:smooth_stone":18,"minecraft:blaze_powder":2,"minecraft:lever":1,"minecraft:bookshelf":6,"hammered:diamond_hammer":2,"minecraft:nether_brick":15,"minecraft:cooked_mutton":64,"minecraft:glass":273,"minecraft:quartz_block":24,"minecraft:diamond_helmet":1,"minecraft:diamond_leggings":1,"another_furniture:spruce_drawer":2,"minecraft:cooked_porkchop":8,"minecraft:spruce_door":15,"minecraft:iron_block":20,"minecraft:netherite_ingot":4,"minecraft:iron_nugget":9,"minecraft:diamond_hoe":1,"minecraft:bone_meal":237,"minecraft:spruce_fence":234,"another_furniture:spruce_chair":12,"minecraft:lantern":5,"minecraft:diamond":90,"minecraft:spruce_stairs":4,"minecraft:ladder":12,"minecraft:spruce_slab":228,"minecraft:diamond_boots":2,"hole_filler_mod:throwable_hole_filler_water":1,"deeperdarker:warden_leggings":1,"minecraft:netherite_pickaxe":2,"mca:engagement_ring":1,"minecraft:glowstone":96,"minecraft:wooden_axe":1,"minecraft:iron_leggings":1,"minecraft:white_bed":5,"simplyswords:diamond_claymore":2,"minecraft:oak_planks":120,"minecraft:cobblestone_slab":1668,"minecraft:cobblestone_stairs":568,"minecraft:stone":3253,"deeperdarker:warden_chestplate":1,"another_furniture:red_curtain":3,"minecraft:bow":1,"minecraft:iron_boots":1,"mowziesmobs:umvuthana_mask_fury":2,"minecraft:chest":58,"morebows:iron_bow":1,"minecraft:ender_eye":1,"minecraft:stone_bricks":32,"minecraft:smoker":6,"minecraft:crafting_table":13,"minecraft:spruce_planks":1940,"another_furniture:white_tall_stool":3,"minecraft:baked_potato":1511,"minecraft:iron_helmet":1,"another_furniture:white_sofa":6,"minecraft:red_wool":10,"another_furniture:white_lamp":27,"minecraft:gold_block":16,"minecraft:birch_planks":48,"chipped:carpenters_table":1,"minecraft:tnt":1,"minecraft:spruce_trapdoor":14,"minecraft:iron_chestplate":1,"minecraft:emerald_block":10,"minecraft:diamond_pickaxe":4,"minecraft:stick":416,"deeperdarker:warden_pickaxe":1,"minecraft:iron_ingot":166,"minecraft:redstone_torch":1,"minecraft:wooden_sword":9,"simplyswords:diamond_scythe":1,"simplyswords:diamond_greathammer":1,"minecraft:furnace":23,"minecraft:blast_furnace":6,"minecraft:smooth_quartz_stairs":104,"minecraft:diamond_block":16,"minecraft:glass_pane":176,"minecraft:scaffolding":126,"deeperdarker:warden_helmet":1,"minecraft:smooth_quartz_slab":60,"chipped:tinkering_table":1,"minecraft:netherite_scrap":21,"minecraft:cooked_beef":36,"another_furniture:spruce_shutter":12,"minecraft:crimson_planks":4,"minecraft:spruce_sign":3,"simplyswords:netherite_claymore":1,"minecraft:bucket":6,"minecraft:air":0,"another_furniture:spruce_table":15,"minecraft:oak_boat":1,"morebows:ender_bow":1,"minecraft:torch":320,"mca:wedding_ring":1,"minecraft:diamond_chestplate":2}},"DataVersion":3465}