{"stats":{"minecraft:killed_by":{"iceandfire:lightning_dragon":1},"minecraft:crafted":{"minecraft:oak_planks":132,"minecraft:furnace":1,"minecraft:iron_axe":1,"minecraft:stone_pickaxe":1,"minecraft:chest":4,"minecraft:stone_hoe":1,"minecraft:wheat":495,"minecraft:crafting_table":2,"minecraft:wooden_pickaxe":1,"minecraft:stone_axe":1,"minecraft:bread":172,"iceandfire:armor_copper_chestplate":1,"minecraft:iron_chestplate":1,"minecraft:diamond_pickaxe":1,"minecraft:stick":4,"minecraft:wooden_axe":1,"minecraft:stone_sword":1,"iceandfire:armor_copper_helmet":1},"minecraft:mined":{"minecraft:spruce_planks":1,"minecraft:dark_oak_fence":3,"minecraft:cobbled_deepslate_slab":1,"minecraft:grass_block":1,"minecraft:mud_brick_wall":2,"minecraft:spawner":6,"minecraft:large_fern":1,"minecraft:hay_block":56,"minecraft:carrots":12,"minecraft:potatoes":8,"minecraft:lantern":2,"minecraft:stone":29,"minecraft:iron_block":2,"minecraft:smoker":3,"minecraft:crafting_table":6,"minecraft:mangrove_wood":1,"botania:yellow_double_flower":1,"iceandfire:pixie_house_mushroom_brown":1,"minecraft:white_stained_glass_pane":2,"minecraft:tall_grass":14,"minecraft:cobblestone":1,"minecraft:dark_oak_slab":1,"iceandfire:crackled_stone":1,"minecraft:wheat":24,"born_in_chaos_v1:river_mint":1,"minecraft:yellow_bed":2,"minecraft:grass":17,"minecraft:coal_ore":8,"minecraft:oak_log":50,"minecraft:beetroots":3,"antlers:bloody_cow":1,"minecraft:oak_leaves":2},"minecraft:picked_up":{"iceandfire:dragon_skull_lightning":1,"minecraft:crafting_table":5,"minecraft:wheat":26,"born_in_chaos_v1:river_mint":1,"croptopia:peach":18,"minecraft:leather_leggings":1,"minecraft:string":2,"artifacts:feral_claws":1,"minecraft:gold_nugget":4,"minecraft:spruce_planks":1,"minecraft:iron_pickaxe":1,"minecraft:iron_boots":1,"iceandfire:dragonscales_green":18,"minecraft:stick":12,"iceandfire:dragonbone":15,"born_in_chaos_v1:shattered_skull":3,"minecraft:porkchop":2,"iceandfire:lightning_dragon_flesh":6,"born_in_chaos_v1:pieceofdarkmetal":1,"minecraft:carrot":12,"minecraft:arrow":6,"minecraft:rotten_flesh":8,"minecraft:beetroot_seeds":2,"minecraft:hay_block":55,"iceandfire:fire_dragon_heart":1,"pvz_zengarden:zengarden_guide":1,"minecraft:iron_block":1,"minecraft:cobblestone":29,"relics:roller_skates":1,"minecraft:smoker":3,"minecraft:potato":6,"alexsmobs:bear_fur":1,"minecraft:oak_log":42,"minecraft:yellow_bed":2,"minecraft:lantern":3,"minecraft:dirt":1,"antlers:tomahawkitem":7,"minecraft:bone":15,"minecraft:apple":25,"minecraft:wheat_seeds":82,"minecraft:cobbled_deepslate_slab":1,"iceandfire:fire_dragon_flesh":6,"minecraft:iron_sword":1,"minecraft:dark_oak_slab":2,"minecraft:cooked_porkchop":30,"mca:comb":1,"botania:yellow_double_flower":1,"minecraft:dandelion":1,"mca:needle_and_thread":1,"iceandfire:dragon_skull_fire":1,"minecraft:mud_brick_wall":2,"iceandfire:lightning_dragon_heart":1,"minecraft:spider_eye":1,"iceandfire:dragonscales_copper":14,"minecraft:mangrove_wood":1,"iceandfire:crackled_stone":1,"minecraft:iron_helmet":1,"minecraft:oak_sapling":18,"minecraft:coal":8},"minecraft:custom":{"minecraft:mob_kills":31,"minecraft:animals_bred":2,"minecraft:interact_with_crafting_table":15,"minecraft:open_barrel":38,"minecraft:damage_dealt_resisted":1337,"minecraft:leave_game":1,"minecraft:time_since_death":31534,"minecraft:climb_one_cm":2007,"minecraft:sprint_one_cm":232198,"minecraft:walk_one_cm":232950,"minecraft:drop":42,"minecraft:play_time":83596,"minecraft:deaths":2,"minecraft:sneak_time":1751,"minecraft:walk_under_water_one_cm":7748,"minecraft:jump":1144,"minecraft:walk_on_water_one_cm":9762,"minecraft:total_world_time":83596,"minecraft:sleep_in_bed":2,"minecraft:time_since_rest":31564,"minecraft:damage_taken":2342,"minecraft:damage_dealt":4807,"minecraft:fly_one_cm":241586,"minecraft:swim_one_cm":49152,"minecraft:player_kills":1,"minecraft:open_chest":71,"minecraft:crouch_one_cm":7096,"minecraft:fall_one_cm":44624},"minecraft:dropped":{"minecraft:stone_hoe":1,"born_in_chaos_v1:shattered_skull":2,"minecraft:wheat_seeds":15,"minecraft:oak_log":9,"iceandfire:armor_copper_metal_chestplate":1,"minecraft:iron_helmet":1,"minecraft:lantern":1,"minecraft:apple":5,"minecraft:stick":6,"minecraft:dirt":1,"mca:book_romance":1,"pvz_zengarden:zengarden_guide":1,"born_in_chaos_v1:river_mint":1,"iceandfire:armor_copper_chestplate":1,"mca:comb":1,"minecraft:wooden_axe":1,"minecraft:gold_nugget":2,"minecraft:string":2,"minecraft:dandelion":1,"minecraft:bone":3,"minecraft:stone_axe":1,"minecraft:stone_sword":1,"minecraft:rotten_flesh":8,"patchouli:guide_book":1,"minecraft:beetroot_seeds":2,"minecraft:oak_sapling":4,"mca:needle_and_thread":1,"minecraft:leather_leggings":1,"minecraft:spider_eye":1,"minecraft:arrow":1,"minecraft:stone_pickaxe":1,"minecraft:wooden_pickaxe":1},"minecraft:used":{"minecraft:stone_sword":2,"minecraft:chest":4,"minecraft:iron_sword":149,"minecraft:stone_hoe":17,"minecraft:wooden_axe":4,"minecraft:lantern":2,"minecraft:iron_axe":6,"minecraft:iron_helmet":1,"croptopia:peach":1,"minecraft:stone_pickaxe":30,"minecraft:oak_planks":62,"minecraft:wooden_pickaxe":15,"travelersbackpack:iron_golem":1,"iceandfire:dragon_skull_lightning":1,"minecraft:crafting_table":7,"minecraft:diamond_pickaxe":11,"minecraft:apple":22,"minecraft:bread":18,"minecraft:iron_pickaxe":2,"minecraft:stone_axe":7,"minecraft:cobblestone":9,"minecraft:cooked_porkchop":6,"minecraft:yellow_bed":2},"minecraft:killed":{"minecraft:vex":2,"minecraft:cave_spider":2,"lcm:bunker_spider":1,"minecraft:spider":1,"born_in_chaos_v1:skeleton_thrasher_not_despawn":1,"born_in_chaos_v1:baby_skeleton_minion":2,"minecraft:skeleton":7,"iceandfire:fire_dragon":1,"arphex:hornet_harbinger":1,"minecraft:pig":1,"alexsmobs:grizzly_bear":2,"majruszsdifficulty:cursed_armor":1,"minecraft:zombie":3,"minecraft:stray":1,"iceandfire:pixie":1,"iceandfire:lightning_dragon":1,"arphex:spider_larvae":1}},"DataVersion":3465}