{"stats":{"minecraft:crafted":{"minecraft:oak_planks":56,"minecraft:crafting_table":2,"minecraft:wooden_pickaxe":1,"minecraft:furnace":1,"minecraft:stone_axe":1,"minecraft:diamond_pickaxe":1,"minecraft:iron_chestplate":1,"minecraft:stick":4,"minecraft:stone_pickaxe":1,"minecraft:wooden_axe":1,"minecraft:stone_sword":1,"minecraft:stone_hoe":1},"minecraft:mined":{"minecraft:spruce_planks":1,"minecraft:smoker":1,"minecraft:mangrove_wood":1,"minecraft:crafting_table":3,"minecraft:dark_oak_fence":1,"minecraft:cobbled_deepslate_slab":1,"minecraft:grass_block":1,"minecraft:white_stained_glass_pane":2,"minecraft:tall_grass":14,"minecraft:cobblestone":1,"minecraft:mud_brick_wall":2,"minecraft:spawner":1,"minecraft:hay_block":20,"minecraft:carrots":12,"minecraft:wheat":24,"born_in_chaos_v1:river_mint":1,"minecraft:yellow_bed":2,"minecraft:grass":10,"minecraft:oak_log":33,"minecraft:potatoes":8,"minecraft:coal_ore":8,"minecraft:beetroots":3,"minecraft:lantern":1,"minecraft:stone":29,"antlers:bloody_cow":1,"minecraft:oak_leaves":2},"minecraft:picked_up":{"minecraft:crafting_table":2,"relics:roller_skates":1,"minecraft:wheat":26,"born_in_chaos_v1:river_mint":1,"croptopia:peach":12,"minecraft:smoker":1,"minecraft:potato":6,"minecraft:oak_log":33,"minecraft:yellow_bed":2,"antlers:tomahawkitem":3,"minecraft:string":1,"minecraft:dirt":1,"minecraft:lantern":2,"minecraft:bone":9,"minecraft:apple":25,"minecraft:wheat_seeds":79,"minecraft:cobbled_deepslate_slab":1,"minecraft:spruce_planks":1,"minecraft:iron_sword":1,"minecraft:iron_boots":1,"minecraft:stick":10,"born_in_chaos_v1:shattered_skull":1,"minecraft:cooked_porkchop":9,"mca:comb":1,"mca:needle_and_thread":1,"minecraft:porkchop":2,"minecraft:mud_brick_wall":2,"minecraft:carrot":12,"minecraft:spider_eye":1,"minecraft:arrow":1,"minecraft:rotten_flesh":5,"minecraft:mangrove_wood":1,"minecraft:beetroot_seeds":2,"minecraft:iron_helmet":1,"minecraft:hay_block":19,"pvz_zengarden:zengarden_guide":1,"minecraft:oak_sapling":14,"minecraft:coal":8,"minecraft:cobblestone":29},"minecraft:custom":{"minecraft:mob_kills":9,"minecraft:interact_with_crafting_table":9,"minecraft:open_barrel":10,"minecraft:damage_dealt_resisted":360,"minecraft:leave_game":1,"minecraft:time_since_death":1455,"minecraft:sleep_in_bed":2,"minecraft:climb_one_cm":515,"minecraft:time_since_rest":1477,"minecraft:sprint_one_cm":74233,"minecraft:damage_taken":670,"minecraft:walk_one_cm":99905,"minecraft:drop":23,"minecraft:damage_dealt":1042,"minecraft:swim_one_cm":1331,"minecraft:fly_one_cm":81343,"minecraft:player_kills":1,"minecraft:open_chest":18,"minecraft:crouch_one_cm":806,"minecraft:play_time":29596,"minecraft:deaths":1,"minecraft:sneak_time":300,"minecraft:walk_under_water_one_cm":1186,"minecraft:jump":474,"minecraft:walk_on_water_one_cm":1889,"minecraft:total_world_time":29596,"minecraft:fall_one_cm":16590},"minecraft:dropped":{"minecraft:stone_axe":1,"minecraft:wheat_seeds":15,"minecraft:stone_sword":1,"minecraft:rotten_flesh":4,"minecraft:apple":5,"patchouli:guide_book":1,"minecraft:dirt":1,"pvz_zengarden:zengarden_guide":1,"mca:book_romance":1,"mca:comb":1,"minecraft:wooden_axe":1,"minecraft:beetroot_seeds":2,"mca:needle_and_thread":1,"minecraft:spider_eye":1,"minecraft:stone_pickaxe":1,"minecraft:wooden_pickaxe":1,"minecraft:string":1},"minecraft:used":{"minecraft:stone_sword":2,"minecraft:stone_pickaxe":30,"minecraft:oak_planks":6,"minecraft:wooden_pickaxe":15,"minecraft:iron_sword":24,"minecraft:stone_hoe":17,"minecraft:crafting_table":3,"minecraft:wooden_axe":4,"minecraft:diamond_pickaxe":1,"minecraft:apple":4,"minecraft:lantern":1,"minecraft:iron_helmet":1,"minecraft:stone_axe":7,"minecraft:cobblestone":9,"croptopia:peach":1,"minecraft:cooked_porkchop":4,"minecraft:yellow_bed":1},"minecraft:killed":{"minecraft:pig":1,"lcm:bunker_spider":1,"born_in_chaos_v1:skeleton_thrasher_not_despawn":1,"minecraft:skeleton":4,"minecraft:zombie":1,"arphex:spider_larvae":1}},"DataVersion":3465}