{"stats":{"minecraft:killed_by":{"iceandfire:lightning_dragon":1},"minecraft:crafted":{"minecraft:oak_planks":56,"minecraft:crafting_table":2,"minecraft:wooden_pickaxe":1,"minecraft:furnace":1,"minecraft:stone_axe":1,"minecraft:bread":95,"iceandfire:armor_copper_chestplate":1,"minecraft:diamond_pickaxe":1,"minecraft:iron_chestplate":1,"minecraft:iron_axe":1,"minecraft:stick":4,"minecraft:stone_pickaxe":1,"minecraft:wooden_axe":1,"minecraft:stone_sword":1,"minecraft:stone_hoe":1,"iceandfire:armor_copper_helmet":1,"minecraft:wheat":261},"minecraft:mined":{"minecraft:spruce_planks":1,"minecraft:smoker":2,"botania:yellow_double_flower":1,"minecraft:mangrove_wood":1,"minecraft:crafting_table":6,"minecraft:dark_oak_fence":3,"minecraft:cobbled_deepslate_slab":1,"minecraft:grass_block":1,"minecraft:white_stained_glass_pane":2,"minecraft:tall_grass":14,"minecraft:cobblestone":1,"minecraft:mud_brick_wall":2,"minecraft:spawner":6,"minecraft:hay_block":46,"minecraft:dark_oak_slab":1,"minecraft:carrots":12,"iceandfire:crackled_stone":1,"minecraft:wheat":24,"born_in_chaos_v1:river_mint":1,"minecraft:yellow_bed":2,"minecraft:grass":12,"minecraft:oak_log":42,"minecraft:potatoes":8,"minecraft:coal_ore":8,"minecraft:beetroots":3,"minecraft:lantern":1,"minecraft:iron_block":2,"minecraft:stone":29,"antlers:bloody_cow":1,"minecraft:oak_leaves":2},"minecraft:picked_up":{"iceandfire:dragon_skull_lightning":1,"minecraft:crafting_table":5,"relics:roller_skates":1,"minecraft:wheat":26,"born_in_chaos_v1:river_mint":1,"croptopia:peach":12,"minecraft:leather_leggings":1,"minecraft:smoker":2,"minecraft:potato":6,"minecraft:oak_log":42,"minecraft:yellow_bed":2,"antlers:tomahawkitem":6,"minecraft:string":2,"minecraft:dirt":1,"minecraft:lantern":2,"artifacts:feral_claws":1,"minecraft:bone":13,"minecraft:apple":25,"minecraft:wheat_seeds":81,"minecraft:cobbled_deepslate_slab":1,"minecraft:spruce_planks":1,"minecraft:iron_sword":1,"minecraft:iron_boots":1,"botania:yellow_double_flower":1,"iceandfire:dragonbone":7,"minecraft:dark_oak_slab":2,"minecraft:stick":12,"born_in_chaos_v1:shattered_skull":3,"minecraft:cooked_porkchop":18,"mca:comb":1,"minecraft:dandelion":1,"mca:needle_and_thread":1,"minecraft:porkchop":2,"iceandfire:lightning_dragon_flesh":6,"iceandfire:lightning_dragon_heart":1,"minecraft:mud_brick_wall":2,"born_in_chaos_v1:pieceofdarkmetal":1,"minecraft:carrot":12,"minecraft:spider_eye":1,"iceandfire:dragonscales_copper":14,"minecraft:arrow":1,"minecraft:rotten_flesh":8,"minecraft:mangrove_wood":1,"minecraft:beetroot_seeds":2,"iceandfire:crackled_stone":1,"minecraft:iron_helmet":1,"minecraft:hay_block":45,"pvz_zengarden:zengarden_guide":1,"minecraft:iron_block":1,"minecraft:oak_sapling":18,"minecraft:coal":8,"minecraft:cobblestone":29},"minecraft:custom":{"minecraft:mob_kills":23,"minecraft:interact_with_crafting_table":12,"minecraft:open_barrel":34,"minecraft:damage_dealt_resisted":1337,"minecraft:leave_game":1,"minecraft:time_since_death":7534,"minecraft:sleep_in_bed":2,"minecraft:climb_one_cm":515,"minecraft:time_since_rest":7564,"minecraft:sprint_one_cm":200186,"minecraft:damage_taken":1602,"minecraft:walk_one_cm":186030,"minecraft:drop":39,"minecraft:damage_dealt":3613,"minecraft:swim_one_cm":44860,"minecraft:fly_one_cm":189857,"minecraft:player_kills":1,"minecraft:open_chest":43,"minecraft:crouch_one_cm":5127,"minecraft:play_time":59596,"minecraft:deaths":2,"minecraft:sneak_time":1152,"minecraft:walk_under_water_one_cm":6964,"minecraft:jump":915,"minecraft:walk_on_water_one_cm":9475,"minecraft:total_world_time":59596,"minecraft:fall_one_cm":33464},"minecraft:dropped":{"minecraft:stone_hoe":1,"minecraft:stone_axe":1,"born_in_chaos_v1:shattered_skull":2,"minecraft:wheat_seeds":15,"minecraft:oak_log":9,"minecraft:stone_sword":1,"iceandfire:armor_copper_metal_chestplate":1,"minecraft:iron_helmet":1,"minecraft:rotten_flesh":8,"minecraft:apple":5,"patchouli:guide_book":1,"minecraft:stick":6,"minecraft:dirt":1,"pvz_zengarden:zengarden_guide":1,"mca:book_romance":1,"born_in_chaos_v1:river_mint":1,"mca:comb":1,"minecraft:wooden_axe":1,"minecraft:beetroot_seeds":2,"minecraft:leather_leggings":1,"minecraft:oak_sapling":4,"mca:needle_and_thread":1,"minecraft:spider_eye":1,"minecraft:arrow":1,"minecraft:stone_pickaxe":1,"minecraft:wooden_pickaxe":1,"minecraft:string":2,"minecraft:dandelion":1,"minecraft:bone":3},"minecraft:used":{"minecraft:stone_sword":2,"minecraft:stone_pickaxe":30,"minecraft:oak_planks":6,"minecraft:wooden_pickaxe":15,"travelersbackpack:iron_golem":1,"minecraft:iron_sword":127,"minecraft:stone_hoe":17,"minecraft:crafting_table":6,"minecraft:wooden_axe":4,"minecraft:diamond_pickaxe":10,"minecraft:bread":2,"minecraft:apple":22,"minecraft:iron_axe":6,"minecraft:lantern":1,"minecraft:iron_helmet":1,"minecraft:stone_axe":7,"minecraft:cobblestone":9,"croptopia:peach":1,"minecraft:cooked_porkchop":5,"minecraft:yellow_bed":1},"minecraft:killed":{"minecraft:vex":2,"minecraft:cave_spider":2,"minecraft:pig":1,"lcm:bunker_spider":1,"minecraft:spider":1,"majruszsdifficulty:cursed_armor":1,"born_in_chaos_v1:skeleton_thrasher_not_despawn":1,"born_in_chaos_v1:baby_skeleton_minion":2,"minecraft:skeleton":4,"minecraft:zombie":3,"minecraft:stray":1,"iceandfire:lightning_dragon":1,"arphex:spider_larvae":1}},"DataVersion":3465}