{"stats":{"minecraft:crafted":{"minecraft:oak_planks":56,"minecraft:crafting_table":2,"minecraft:wooden_pickaxe":1,"minecraft:furnace":1,"minecraft:stone_axe":1,"minecraft:stick":4,"minecraft:stone_pickaxe":1,"minecraft:wooden_axe":1,"minecraft:stone_sword":1,"minecraft:stone_hoe":1},"minecraft:mined":{"minecraft:smoker":1,"minecraft:crafting_table":2,"minecraft:grass_block":1,"minecraft:white_stained_glass_pane":1,"minecraft:tall_grass":13,"minecraft:mud_brick_wall":2,"minecraft:hay_block":9,"minecraft:carrots":12,"minecraft:wheat":24,"born_in_chaos_v1:river_mint":1,"minecraft:yellow_bed":2,"minecraft:grass":9,"minecraft:oak_log":33,"minecraft:potatoes":8,"minecraft:coal_ore":8,"minecraft:beetroots":3,"minecraft:stone":20,"minecraft:oak_leaves":2},"minecraft:picked_up":{"minecraft:crafting_table":1,"minecraft:wheat":26,"born_in_chaos_v1:river_mint":1,"croptopia:peach":12,"minecraft:smoker":1,"minecraft:potato":6,"minecraft:oak_log":33,"minecraft:yellow_bed":2,"minecraft:string":1,"minecraft:dirt":1,"minecraft:lantern":1,"minecraft:apple":25,"minecraft:wheat_seeds":78,"minecraft:stick":10,"minecraft:cooked_porkchop":9,"mca:comb":1,"mca:needle_and_thread":1,"minecraft:porkchop":2,"minecraft:mud_brick_wall":2,"minecraft:carrot":12,"minecraft:spider_eye":1,"minecraft:rotten_flesh":1,"minecraft:beetroot_seeds":2,"minecraft:hay_block":9,"pvz_zengarden:zengarden_guide":1,"minecraft:oak_sapling":14,"minecraft:coal":8,"minecraft:cobblestone":19},"minecraft:dropped":{"minecraft:wheat_seeds":14,"minecraft:apple":5,"minecraft:dirt":1,"mca:comb":1,"minecraft:beetroot_seeds":2,"mca:needle_and_thread":1,"minecraft:spider_eye":1,"minecraft:wooden_pickaxe":1,"minecraft:string":1},"minecraft:custom":{"minecraft:mob_kills":3,"minecraft:interact_with_crafting_table":5,"minecraft:open_barrel":1,"minecraft:leave_game":1,"minecraft:time_since_death":17596,"minecraft:sleep_in_bed":1,"minecraft:time_since_rest":7077,"minecraft:sprint_one_cm":38441,"minecraft:damage_taken":88,"minecraft:walk_one_cm":49641,"minecraft:drop":13,"minecraft:damage_dealt":385,"minecraft:fly_one_cm":44764,"minecraft:open_chest":3,"minecraft:crouch_one_cm":72,"minecraft:play_time":17596,"minecraft:sneak_time":108,"minecraft:jump":262,"minecraft:total_world_time":17596,"minecraft:fall_one_cm":6866},"minecraft:used":{"minecraft:stone_sword":2,"minecraft:stone_pickaxe":18,"minecraft:oak_planks":6,"minecraft:wooden_pickaxe":15,"minecraft:stone_hoe":6,"minecraft:crafting_table":2,"minecraft:wooden_axe":4,"minecraft:apple":4,"minecraft:stone_axe":3,"croptopia:peach":1,"minecraft:cooked_porkchop":1,"minecraft:yellow_bed":1},"minecraft:killed":{"minecraft:pig":1,"lcm:bunker_spider":1,"arphex:spider_larvae":1}},"DataVersion":3465}