{"stats":{"minecraft:killed":{"minecraft:pig":1,"frycmobvariants:soul_stealer":1,"minecraft:creeper":2},"minecraft:killed_by":{"minecraft:player":6},"minecraft:mined":{"minecraft:birch_log":7},"minecraft:used":{"minecraft:creeper_spawn_egg":2,"minecraft:lava_bucket":28,"minecraft:flint_and_steel":1,"minecraft:grass_block":1,"simplyswords:harbinger":2,"morebows:diamond_bow":190,"minecraft:chest":2,"minecraft:sniffer_egg":1,"simplyswords:emberlash":3,"minecraft:anvil":1,"betterend:diamond_hammer":1,"morebows:flame_bow":1,"minecraft:bow":20,"simplyswords:soulrender":1,"minecraft:red_bed":1,"minecraft:andesite":44,"minecraft:enchanted_golden_apple":25,"minecraft:obsidian":69},"minecraft:dropped":{"minecraft:dirt":17,"minecraft:soul_sand":2,"minecraft:torch":13,"minecraft:raw_copper":65,"minecraft:andesite":1911,"minecraft:cobblestone":448,"minecraft:rotten_flesh":2,"minecraft:enchanted_golden_apple":960,"minecraft:name_tag":1,"minecraft:coal":10,"minecraft:stick":2,"minecraft:bone":2},"minecraft:custom":{"minecraft:time_since_rest":6964,"minecraft:sprint_one_cm":279899,"minecraft:damage_absorbed":1785,"minecraft:damage_taken":3365,"minecraft:walk_one_cm":553191,"minecraft:interact_with_anvil":3,"minecraft:mob_kills":4,"minecraft:drop":1826,"minecraft:damage_dealt":394,"minecraft:fly_one_cm":911145,"minecraft:open_barrel":1,"minecraft:open_chest":38,"minecraft:crouch_one_cm":12717,"minecraft:play_time":112197,"minecraft:deaths":6,"minecraft:sneak_time":3010,"minecraft:walk_under_water_one_cm":41524,"minecraft:jump":1690,"minecraft:leave_game":4,"minecraft:time_since_death":6930,"minecraft:walk_on_water_one_cm":2338,"minecraft:damage_resisted":841,"minecraft:sleep_in_bed":1,"minecraft:total_world_time":112197,"minecraft:climb_one_cm":2027,"minecraft:fall_one_cm":5215},"minecraft:picked_up":{"minecraft:birch_log":7,"minecraft:stick":4,"minecraft:raw_iron":30,"minecraft:andesite":2416,"minecraft:torch":13,"minecraft:spruce_sapling":1,"minecraft:gunpowder":2,"minecraft:dirt":17,"minecraft:raw_copper":65,"immersive_melodies:lute":1,"minecraft:name_tag":1,"minecraft:bone":2,"minecraft:rotten_flesh":3,"minecraft:bow":1,"hangglider:hang_glider":1,"minecraft:birch_sapling":4,"minecraft:soul_sand":2,"minecraft:coal":12,"minecraft:phantom_membrane":1,"minecraft:cobblestone":543}},"DataVersion":3465}