{"stats":{"minecraft:killed_by":{"minecraft:player":1},"minecraft:used":{"minecraft:golden_carrot":1,"minecraft:minecart":1,"alexsmobs:animal_dictionary":1,"artifacts:eternal_steak":2},"minecraft:dropped":{"mca:book_romance":1,"minecraft:golden_carrot":12,"minecraft:crossbow":1,"artifacts:eternal_steak":1},"minecraft:mined":{"minecraft:grass_block":1},"minecraft:picked_up":{"minecraft:bone":3,"minecraft:golden_carrot":13,"artifacts:eternal_steak":2,"minecraft:bow":1,"minecraft:crossbow":1,"minecraft:gunpowder":1,"hangglider:hang_glider":1,"mca:book_romance":1,"minecraft:string":2,"minecraft:cobblestone":5},"minecraft:custom":{"minecraft:time_since_rest":17176,"minecraft:open_chest":14,"minecraft:crouch_one_cm":2765,"minecraft:play_time":17474,"minecraft:sprint_one_cm":40805,"minecraft:deaths":1,"minecraft:damage_taken":645,"minecraft:walk_one_cm":51338,"minecraft:sneak_time":595,"minecraft:walk_under_water_one_cm":21847,"minecraft:drop":15,"minecraft:jump":154,"minecraft:minecart_one_cm":40097,"minecraft:leave_game":2,"minecraft:walk_on_water_one_cm":1703,"minecraft:time_since_death":16608,"minecraft:climb_one_cm":1334,"minecraft:total_world_time":17474,"minecraft:swim_one_cm":2285,"minecraft:fall_one_cm":2168,"minecraft:fly_one_cm":97896}},"DataVersion":3465}