{"stats":{"minecraft:crafted":{"minecraft:crafting_table":1,"minecraft:stick":4,"minecraft:spruce_planks":28,"minecraft:wooden_pickaxe":1,"minecraft:wooden_axe":1},"minecraft:broken":{"minecraft:wooden_sword":1},"minecraft:custom":{"minecraft:time_since_rest":214,"minecraft:sprint_one_cm":122343,"minecraft:damage_taken":785,"minecraft:walk_one_cm":160126,"minecraft:mob_kills":42,"minecraft:damage_dealt":516,"minecraft:interact_with_crafting_table":2,"minecraft:fly_one_cm":18805,"minecraft:open_barrel":1,"minecraft:open_chest":49,"minecraft:crouch_one_cm":788,"minecraft:play_time":31466,"minecraft:deaths":1,"minecraft:sneak_time":62,"minecraft:walk_under_water_one_cm":6185,"minecraft:jump":180,"minecraft:leave_game":1,"minecraft:time_since_death":7835,"minecraft:walk_on_water_one_cm":650,"minecraft:sleep_in_bed":1,"minecraft:interact_with_smoker":1,"minecraft:total_world_time":31466,"minecraft:climb_one_cm":3014,"minecraft:fall_one_cm":7173},"minecraft:mined":{"minecraft:red_bed":3,"minecraft:spruce_log":13,"minecraft:grass_block":1,"minecraft:birch_slab":1,"minecraft:spruce_leaves":7},"minecraft:killed":{"minecraft:skeleton":12,"minecraft:zombie":14,"frycmobvariants:corsair":8,"minecraft:creeper":8},"minecraft:picked_up":{"minecraft:birch_slab":1,"minecraft:potato":1,"minecraft:spruce_sapling":3,"minecraft:spruce_log":13,"minecraft:gunpowder":9,"minecraft:dirt":1,"minecraft:string":4,"minecraft:red_bed":3,"minecraft:arrow":6,"minecraft:bone":12,"minecraft:rotten_flesh":6,"minecraft:kelp":10,"minecraft:bow":1,"minecraft:iron_ingot":1,"croptopia:apple_juice":1,"minecraft:minecart":1,"hangglider:hang_glider":1},"minecraft:used":{"minecraft:wooden_axe":1,"minecraft:apple":5,"minecraft:birch_slab":1,"minecraft:spruce_sapling":3,"minecraft:wooden_sword":23,"minecraft:dirt":1,"croptopia:peach":12,"minecraft:bow":4,"minecraft:crafting_table":1,"minecraft:red_bed":2,"minecraft:carrot":3,"minecraft:pumpkin_pie":3,"croptopia:apple_juice":2}},"DataVersion":3465}